Angle,Linear Error,Angular Error,Left Speed,Right Speed,Weg Extension
0,0,0,0.126861,0.171789,0.509371
0,0,0.1,0.119988,0.206525,0.590006
0,0,0.2,0.113439,0.246197,0.666076
0,0,0.3,0.107204,0.290697,0.734386
0,0,0.4,0.101273,0.339617,0.793063
0,0,0.5,0.0956345,0.392218,0.841574
0,0,0.6,0.0902784,0.447445,0.880428
0,0,0.7,0.0851941,0.504,0.910763
0,0,0.8,0.0803708,0.560453,0.93398
0,0,0.9,0.0757979,0.615384,0.951478
0,0,1,0.071465,0.667522,0.964514
0,0.1,0,0.151537,0.161237,0.526026
0,0.1,0.1,0.143547,0.19434,0.606041
0,0.1,0.2,0.13591,0.232357,0.680746
0,0.1,0.3,0.12862,0.275269,0.747194
0,0.1,0.4,0.121665,0.322775,0.803797
0,0.1,0.5,0.115036,0.374245,0.850267
0,0.1,0.6,0.108724,0.428726,0.887275
0,0.1,0.7,0.102718,0.484992,0.916038
0,0.1,0.8,0.097008,0.541641,0.937976
0,0.1,0.9,0.0915828,0.597233,0.954466
0,0.1,1,0.086432,0.650435,0.966728
0,0.2,0,0.180022,0.151215,0.542624
0,0.2,0.1,0.170832,0.182709,0.62185
0,0.2,0.2,0.162019,0.219069,0.695066
0,0.2,0.3,0.153577,0.26036,0.759586
0,0.2,0.4,0.145498,0.30638,0.814105
0,0.2,0.5,0.137774,0.356612,0.858564
0,0.2,0.6,0.130398,0.410209,0.893776
0,0.2,0.7,0.123361,0.466027,0.921029
0,0.2,0.8,0.116652,0.522709,0.941745
0,0.2,0.9,0.110263,0.578812,0.957279
0,0.2,1,0.104182,0.632952,0.968808
0,0.3,0,0.21252,0.141711,0.559127
0,0.3,0.1,0.202081,0.171626,0.637405
0,0.3,0.2,0.192029,0.206337,0.709018
0,0.3,0.3,0.182363,0.245983,0.771556
0,0.3,0.4,0.173079,0.29046,0.82399
0,0.3,0.5,0.164173,0.339359,0.866472
0,0.3,0.6,0.155639,0.391944,0.899946
0,0.3,0.7,0.14747,0.447161,0.925747
0,0.3,0.8,0.13966,0.503712,0.945299
0,0.3,0.9,0.132198,0.56017,0.959926
0,0.3,1,0.125078,0.615112,0.970762
0,0.4,0,0.249103,0.132711,0.575501
0,0.4,0.1,0.237409,0.161082,0.652678
0,0.4,0.2,0.226097,0.19416,0.722587
0,0.4,0.3,0.215173,0.232152,0.783101
0,0.4,0.4,0.204637,0.27504,0.833457
0,0.4,0.5,0.194489,0.322523,0.874003
0,0.4,0.6,0.184728,0.373975,0.905794
0,0.4,0.7,0.175349,0.428445,0.930204
0,0.4,0.8,0.16635,0.484705,0.948648
0,0.4,0.9,0.157724,0.541355,0.962415
0,0.4,1,0.149465,0.596957,0.972597
0,0.5,0,0.289667,0.124199,0.59171
0,0.5,0.1,0.27677,0.151068,0.667642
0,0.5,0.2,0.264233,0.182537,0.735759
0,0.5,0.3,0.252067,0.218872,0.794218
0,0.5,0.4,0.240277,0.260138,0.842512
0,0.5,0.5,0.22887,0.306135,0.881168
0,0.5,0.6,0.21785,0.356348,0.911335
0,0.5,0.7,0.207217,0.409931,0.934413
0,0.5,0.8,0.196973,0.465741,0.951802
0,0.5,0.9,0.187116,0.522422,0.964755
0,0.5,1,0.177643,0.578532,0.97432
0,0.6,0,0.3339,0.116161,0.607723
0,0.6,0.1,0.31992,0.141571,0.682276
0,0.6,0.2,0.306256,0.171462,0.748523
0,0.6,0.3,0.292925,0.206148,0.804907
0,0.6,0.4,0.27994,0.24577,0.851163
0,0.6,0.5,0.267313,0.290223,0.887978
0,0.6,0.6,0.255053,0.339102,0.916579
0,0.6,0.7,0.24317,0.391669,0.938385
0,0.6,0.8,0.231667,0.446876,0.954772
0,0.6,0.9,0.220551,0.503425,0.966954
0,0.6,1,0.209822,0.559886,0.975938
0,0.7,0,0.381261,0.108578,0.623507
0,0.7,0.1,0.366389,0.132579,0.696558
0,0.7,0.2,0.351767,0.160927,0.760871
0,0.7,0.3,0.337418,0.193981,0.81517
0,0.7,0.4,0.323363,0.231947,0.859417
0,0.7,0.5,0.309619,0.274811,0.894444
0,0.7,0.6,0.296204,0.322272,0.92154
0,0.7,0.7,0.283132,0.373706,0.942131
0,0.7,0.8,0.270415,0.428163,0.957567
0,0.7,0.9,0.258063,0.484418,0.96902
0,0.7,1,0.246085,0.54107,0.977455
0,0.8,0,0.430993,0.101433,0.639033
0,0.8,0.1,0.415484,0.124074,0.71047
0,0.8,0.2,0.40014,0.15092,0.772797
0,0.8,0.3,0.38499,0.182366,0.82501
0,0.8,0.4,0.37006,0.218676,0.867286
0,0.8,0.5,0.355374,0.259917,0.900579
0,0.8,0.6,0.340955,0.305891,0.92623
0,0.8,0.7,0.326825,0.356084,0.945662
0,0.8,0.8,0.313002,0.409653,0.960196
0,0.8,0.9,0.299504,0.465455,0.970962
0,0.8,1,0.286345,0.522136,0.97888
0,0.9,0,0.482158,0.0947088,0.654274
0,0.9,0.1,0.466316,0.116043,0.723998
0,0.9,0.2,0.450542,0.141432,0.784296
0,0.9,0.3,0.434867,0.171299,0.834433
0,0.9,0.4,0.419321,0.20596,0.874778
0,0.9,0.5,0.403934,0.245557,0.906394
0,0.9,0.6,0.388733,0.289986,0.930661
0,0.9,0.7,0.373746,0.338844,0.94899
0,0.9,0.8,0.358997,0.391396,0.962669
0,0.9,0.9,0.34451,0.446592,0.972785
0,0.9,1,0.330306,0.503137,0.980216
0,1,0,0.533699,0.0883862,0.669205
0,1,0.1,0.517857,0.108467,0.737127
0,1,0.2,0.50198,0.132446,0.795368
0,1,0.3,0.486099,0.160771,0.843445
0,1,0.4,0.470245,0.193801,0.881904
0,1,0.5,0.454452,0.231742,0.911903
0,1,0.6,0.438749,0.274582,0.934844
0,1,0.7,0.423168,0.322021,0.952124
0,1,0.8,0.407739,0.373437,0.964994
0,1,0.9,0.392489,0.427881,0.974496
0,1,1,0.377447,0.48413,0.981469
0.1,0,0,0.160636,0.173076,0.504692
0.1,0,0.1,0.152253,0.208007,0.58547
0.1,0,0.2,0.144232,0.247875,0.661899
0.1,0,0.3,0.136565,0.292561,0.730718
0.1,0,0.4,0.129244,0.341643,0.789974
0.1,0,0.5,0.12226,0.39437,0.839063
0.1,0,0.6,0.115603,0.449676,0.878443
0.1,0,0.7,0.109264,0.506255,0.90923
0.1,0,0.8,0.103232,0.562674,0.932816
0.1,0,0.9,0.0974962,0.617516,0.950606
0.1,0,1,0.0920464,0.669521,0.963868
0.1,0.1,0,0.190448,0.162461,0.521357
0.1,0.1,0.1,0.180844,0.195757,0.601563
0.1,0.1,0.2,0.171621,0.23397,0.676663
0.1,0.1,0.3,0.162776,0.277072,0.743641
0.1,0.1,0.4,0.154301,0.324749,0.800828
0.1,0.1,0.5,0.14619,0.376359,0.847868
0.1,0.1,0.6,0.138436,0.430937,0.885389
0.1,0.1,0.7,0.13103,0.487245,0.914587
0.1,0.1,0.8,0.123964,0.543879,0.936878
0.1,0.1,0.9,0.117227,0.599401,0.953646
0.1,0.1,1,0.110809,0.652483,0.966121
0.1,0.2,0,0.224314,0.152377,0.537974
0.1,0.2,0.1,0.213452,0.18406,0.617438
0.1,0.2,0.2,0.202979,0.220616,0.691084
0.1,0.2,0.3,0.192893,0.2621,0.756151
0.1,0.2,0.4,0.183193,0.3083,0.811256
0.1,0.2,0.5,0.173876,0.358684,0.856275
0.1,0.2,0.6,0.164937,0.412393,0.891986
0.1,0.2,0.7,0.156371,0.468273,0.919657
0.1,0.2,0.8,0.148171,0.524959,0.94071
0.1,0.2,0.9,0.140329,0.58101,0.956507
0.1,0.2,1,0.132837,0.635045,0.968237
0.1,0.3,0,0.262251,0.142812,0.554508
0.1,0.3,0.1,0.250145,0.172912,0.633068
0.1,0.3,0.2,0.238417,0.207818,0.705141
0.1,0.3,0.3,0.227072,0.24766,0.76824
0.1,0.3,0.4,0.216114,0.292323,0.821259
0.1,0.3,0.5,0.205544,0.341385,0.864291
0.1,0.3,0.6,0.195362,0.394095,0.898247
0.1,0.3,0.7,0.185566,0.449391,0.92445
0.1,0.3,0.8,0.176155,0.505967,0.944323
0.1,0.3,0.9,0.167122,0.562391,0.959199
0.1,0.3,1,0.158464,0.617245,0.970226
0.1,0.4,0,0.304089,0.133752,0.570921
0.1,0.4,0.1,0.290813,0.162305,0.648422
0.1,0.4,0.2,0.277884,0.195576,0.718819
0.1,0.4,0.3,0.265316,0.233764,0.779905
0.1,0.4,0.4,0.253116,0.276842,0.830842
0.1,0.4,0.5,0.241294,0.324497,0.871928
0.1,0.4,0.6,0.229853,0.376089,0.904185
0.1,0.4,0.7,0.218799,0.430655,0.928979
0.1,0.4,0.8,0.208132,0.486958,0.947728
0.1,0.4,0.9,0.197854,0.543594,0.961732
0.1,0.4,1,0.187963,0.599125,0.972094
0.1,0.5,0,0.34944,0.125184,0.58718
0.1,0.5,0.1,0.335137,0.152228,0.663475
0.1,0.5,0.2,0.321131,0.183887,0.732103
0.1,0.5,0.3,0.307439,0.220418,0.791142
0.1,0.5,0.4,0.294078,0.261878,0.840012
0.1,0.5,0.5,0.281062,0.308055,0.879194
0.1,0.5,0.6,0.268403,0.35842,0.90981
0.1,0.5,0.7,0.256111,0.412115,0.933256
0.1,0.5,0.8,0.244194,0.467986,0.950936
0.1,0.5,0.9,0.232659,0.524672,0.964113
0.1,0.5,1,0.221508,0.58073,0.973848
0.1,0.6,0,0.39769,0.11709,0.603251
0.1,0.6,0.1,0.382573,0.142671,0.678204
0.1,0.6,0.2,0.367681,0.172747,0.744983
0.1,0.6,0.3,0.353036,0.207628,0.801951
0.1,0.6,0.4,0.338663,0.247446,0.848776
0.1,0.6,0.5,0.324581,0.292085,0.886102
0.1,0.6,0.6,0.310809,0.341126,0.915137
0.1,0.6,0.7,0.297364,0.393821,0.937293
0.1,0.6,0.8,0.284262,0.449107,0.953956
0.1,0.6,0.9,0.271513,0.50568,0.966351
0.1,0.6,1,0.259129,0.562108,0.975494
0.1,0.7,0,0.448014,0.109454,0.619102
0.1,0.7,0.1,0.432357,0.133619,0.692587
0.1,0.7,0.2,0.416835,0.162148,0.757448
0.1,0.7,0.3,0.401476,0.195395,0.812333
0.1,0.7,0.4,0.386308,0.233558,0.85714
0.1,0.7,0.5,0.371357,0.276612,0.892663
0.1,0.7,0.6,0.356649,0.324245,0.920176
0.1,0.7,0.7,0.342206,0.37582,0.941102
0.1,0.7,0.8,0.32805,0.430373,0.956799
0.1,0.7,0.9,0.314199,0.486671,0.968454
0.1,0.7,1,0.300672,0.543309,0.977039
0.1,0.8,0,0.499425,0.102258,0.634704
0.1,0.8,0.1,0.483546,0.125058,0.706605
0.1,0.8,0.2,0.4677,0.15208,0.769493
0.1,0.8,0.3,0.451919,0.183715,0.822291
0.1,0.8,0.4,0.436234,0.220221,0.865116
0.1,0.8,0.5,0.420676,0.261656,0.89889
0.1,0.8,0.6,0.405273,0.30781,0.924941
0.1,0.8,0.7,0.390055,0.358155,0.944692
0.1,0.8,0.8,0.375048,0.411836,0.959474
0.1,0.8,0.9,0.360277,0.4677,0.970429
0.1,0.8,1,0.345767,0.524386,0.978489
0.1,0.9,0,0.550849,0.095485,0.650027
0.1,0.9,0.1,0.535082,0.116971,0.720242
0.1,0.9,0.2,0.519245,0.14253,0.781112
0.1,0.9,0.3,0.50337,0.172583,0.831831
0.1,0.9,0.4,0.487488,0.207439,0.872713
0.1,0.9,0.5,0.471631,0.247232,0.904794
0.1,0.9,0.6,0.45583,0.291847,0.929443
0.1,0.9,0.7,0.440119,0.340868,0.948076
0.1,0.9,0.8,0.424526,0.393546,0.96199
0.1,0.9,0.9,0.409082,0.448822,0.972285
0.1,0.9,1,0.393816,0.505392,0.979849
0.1,1,0,0.601208,0.0891157,0.665048
0.1,1,0.1,0.58588,0.109342,0.733484
0.1,1,0.2,0.570384,0.133486,0.792304
0.1,1,0.3,0.55475,0.161992,0.840958
0.1,1,0.4,0.539006,0.195214,0.879941
0.1,1,0.5,0.523183,0.233352,0.910387
0.1,1,0.6,0.507314,0.276382,0.933694
0.1,1,0.7,0.491431,0.323993,0.951264
0.1,1,0.8,0.475564,0.37555,0.964356
0.1,1,0.9,0.459747,0.430091,0.974027
0.1,1,1,0.444011,0.486383,0.981125
0.2,0,0,0.20133,0.174371,0.500012
0.2,0,0.1,0.191307,0.209497,0.58092
0.2,0,0.2,0.181669,0.24956,0.657697
0.2,0,0.3,0.172413,0.294431,0.727019
0.2,0,0.4,0.163535,0.343675,0.786851
0.2,0,0.5,0.155028,0.396526,0.836519
0.2,0,0.6,0.146886,0.451909,0.87643
0.2,0,0.7,0.139101,0.508509,0.907673
0.2,0,0.8,0.131665,0.564892,0.931633
0.2,0,0.9,0.124569,0.619645,0.94972
0.2,0,1,0.117803,0.671514,0.96321
0.2,0.1,0,0.236566,0.163692,0.516684
0.2,0.1,0.1,0.225283,0.197181,0.597067
0.2,0.1,0.2,0.214387,0.23559,0.672554
0.2,0.1,0.3,0.20388,0.278883,0.740056
0.2,0.1,0.4,0.19376,0.326731,0.797826
0.2,0.1,0.5,0.184027,0.378479,0.845438
0.2,0.1,0.6,0.174676,0.43315,0.883475
0.2,0.1,0.7,0.165705,0.489499,0.913114
0.2,0.1,0.8,0.157106,0.546116,0.935762
0.2,0.1,0.9,0.148874,0.601565,0.952811
0.2,0.1,1,0.141001,0.654525,0.965502
0.2,0.2,0,0.275838,0.153545,0.533318
0.2,0.2,0.1,0.263328,0.185418,0.613007
0.2,0.2,0.2,0.251189,0.222171,0.687073
0.2,0.2,0.3,0.239428,0.263849,0.752682
0.2,0.2,0.4,0.228049,0.310227,0.808373
0.2,0.2,0.5,0.217057,0.360762,0.853956
0.2,0.2,0.6,0.206453,0.414581,0.890169
0.2,0.2,0.7,0.196237,0.470519,0.918262
0.2,0.2,0.8,0.186408,0.527208,0.939657
0.2,0.2,0.9,0.176963,0.583204,0.955722
0.2,0.2,1,0.167898,0.637133,0.967657
0.2,0.3,0,0.318907,0.14392,0.549879
0.2,0.3,0.1,0.305267,0.174206,0.628708
0.2,0.3,0.2,0.291961,0.209307,0.701234
0.2,0.3,0.3,0.279001,0.249345,0.76489
0.2,0.3,0.4,0.266401,0.294192,0.818494
0.2,0.3,0.5,0.254169,0.343416,0.862081
0.2,0.3,0.6,0.242313,0.396251,0.896524
0.2,0.3,0.7,0.230839,0.451624,0.923132
0.2,0.3,0.8,0.219751,0.508222,0.94333
0.2,0.3,0.9,0.20905,0.564609,0.95846
0.2,0.3,1,0.198738,0.619374,0.969681
0.2,0.4,0,0.365308,0.134801,0.566329
0.2,0.4,0.1,0.350705,0.163535,0.644143
0.2,0.4,0.2,0.336377,0.196999,0.71502
0.2,0.4,0.3,0.322344,0.235383,0.776674
0.2,0.4,0.4,0.308624,0.278652,0.828195
0.2,0.4,0.5,0.295233,0.326478,0.869822
0.2,0.4,0.6,0.282187,0.378208,0.90255
0.2,0.4,0.7,0.269496,0.432868,0.927734
0.2,0.4,0.8,0.257172,0.489212,0.946793
0.2,0.4,0.9,0.245222,0.545831,0.961037
0.2,0.4,1,0.233653,0.601289,0.971582
0.2,0.5,0,0.414353,0.126175,0.582635
0.2,0.5,0.1,0.399022,0.153396,0.659283
0.2,0.5,0.2,0.383888,0.185245,0.728416
0.2,0.5,0.3,0.368974,0.221972,0.788031
0.2,0.5,0.4,0.354307,0.263625,0.837481
0.2,0.5,0.5,0.339909,0.309981,0.877192
0.2,0.5,0.6,0.325801,0.360496,0.908262
0.2,0.5,0.7,0.312001,0.414302,0.932081
0.2,0.5,0.8,0.298527,0.470233,0.950055
0.2,0.5,0.9,0.285394,0.526921,0.963459
0.2,0.5,1,0.272614,0.582924,0.973367
0.2,0.6,0,0.465157,0.118026,0.598762
0.2,0.6,0.1,0.449389,0.143778,0.674105
0.2,0.6,0.2,0.433722,0.17404,0.74141
0.2,0.6,0.3,0.418187,0.209116,0.79896
0.2,0.6,0.4,0.402812,0.24913,0.846357
0.2,0.6,0.5,0.387627,0.293953,0.884199
0.2,0.6,0.6,0.372656,0.343156,0.913671
0.2,0.6,0.7,0.357925,0.395976,0.936184
0.2,0.6,0.8,0.343458,0.45134,0.953127
0.2,0.6,0.9,0.329276,0.507934,0.965736
0.2,0.6,1,0.315398,0.564327,0.975043
0.2,0.7,0,0.516694,0.110336,0.614678
0.2,0.7,0.1,0.500815,0.134667,0.688587
0.2,0.7,0.2,0.484935,0.163377,0.753992
0.2,0.7,0.3,0.469084,0.196817,0.809462
0.2,0.7,0.4,0.453297,0.235176,0.854833
0.2,0.7,0.5,0.437602,0.27842,0.890857
0.2,0.7,0.6,0.422031,0.326225,0.91879
0.2,0.7,0.7,0.406614,0.377938,0.940056
0.2,0.7,0.8,0.391379,0.432586,0.956019
0.2,0.7,0.9,0.376352,0.488924,0.967877
0.2,0.7,1,0.36156,0.545546,0.976616
0.2,0.8,0,0.567878,0.103089,0.630353
0.2,0.8,0.1,0.552224,0.126048,0.702709
0.2,0.8,0.2,0.536465,0.153247,0.766156
0.2,0.8,0.3,0.520633,0.185071,0.819539
0.2,0.8,0.4,0.50476,0.221774,0.862917
0.2,0.8,0.5,0.488877,0.263402,0.897176
0.2,0.8,0.6,0.473016,0.309735,0.923631
0.2,0.8,0.7,0.45721,0.360231,0.943706
0.2,0.8,0.8,0.441489,0.414023,0.95874
0.2,0.8,0.9,0.425885,0.469946,0.969887
0.2,0.8,1,0.410427,0.526635,0.978092
0.2,0.9,0,0.617653,0.0962669,0.645757
0.2,0.9,0.1,0.60254,0.117906,0.716454
0.2,0.9,0.2,0.587229,0.143636,0.777895
0.2,0.9,0.3,0.571746,0.173875,0.829196
0.2,0.9,0.4,0.556123,0.208926,0.870619
0.2,0.9,0.5,0.540387,0.248915,0.903169
0.2,0.9,0.6,0.52457,0.293715,0.928205
0.2,0.9,0.7,0.508704,0.342897,0.947147
0.2,0.9,0.8,0.49282,0.395701,0.9613
0.2,0.9,0.9,0.476951,0.451055,0.971776
0.2,0.9,1,0.461129,0.507647,0.979476
0.2,1,0,0.665077,0.0898506,0.660865
0.2,1,0.1,0.650778,0.110224,0.729808
0.2,1,0.2,0.636203,0.134533,0.789207
0.2,1,0.3,0.621373,0.16322,0.838438
0.2,1,0.4,0.606313,0.196635,0.877949
0.2,1,0.5,0.591048,0.234969,0.908848
0.2,1,0.6,0.575606,0.27819,0.932526
0.2,1,0.7,0.560014,0.325972,0.950389
0.2,1,0.8,0.544304,0.377668,0.963707
0.2,1,0.9,0.528504,0.432303,0.973549
0.2,1,1,0.512647,0.488637,0.980775
0.3,0,0,0.249272,0.175673,0.495333
0.3,0,0.1,0.237572,0.210995,0.576356
0.3,0,0.2,0.226255,0.251253,0.653471
0.3,0,0.3,0.215325,0.296308,0.723288
0.3,0,0.4,0.204784,0.345712,0.783695
0.3,0,0.5,0.19463,0.398687,0.833942
0.3,0,0.6,0.184863,0.454144,0.874388
0.3,0,0.7,0.175479,0.510763,0.906092
0.3,0,0.8,0.166475,0.567108,0.930431
0.3,0,0.9,0.157844,0.621768,0.948818
0.3,0,1,0.14958,0.6735,0.962541
0.3,0.1,0,0.289853,0.164931,0.512008
0.3,0.1,0.1,0.27695,0.198612,0.592556
0.3,0.1,0.2,0.264408,0.237218,0.668418
0.3,0.1,0.3,0.252236,0.2807,0.736439
0.3,0.1,0.4,0.240442,0.328718,0.794789
0.3,0.1,0.5,0.229029,0.380603,0.842976
0.3,0.1,0.6,0.218003,0.435366,0.881534
0.3,0.1,0.7,0.207365,0.491753,0.911617
0.3,0.1,0.8,0.197116,0.548351,0.934627
0.3,0.1,0.9,0.187253,0.603725,0.951962
0.3,0.1,1,0.177774,0.656562,0.964873
0.3,0.2,0,0.3341,0.154721,0.528656
0.3,0.2,0.1,0.320116,0.186785,0.608557
0.3,0.2,0.2,0.306448,0.223734,0.683034
0.3,0.2,0.3,0.293111,0.265604,0.749181
0.3,0.2,0.4,0.280121,0.31216,0.805456
0.3,0.2,0.5,0.267489,0.362844,0.851606
0.3,0.2,0.6,0.255224,0.416772,0.888326
0.3,0.2,0.7,0.243335,0.472767,0.916846
0.3,0.2,0.8,0.231828,0.529456,0.938587
0.3,0.2,0.9,0.220705,0.585395,0.954923
0.3,0.2,1,0.209971,0.639215,0.967066
0.3,0.3,0,0.381473,0.145034,0.545241
0.3,0.3,0.1,0.366598,0.175507,0.624328
0.3,0.3,0.2,0.351973,0.210803,0.697297
0.3,0.3,0.3,0.33762,0.251037,0.761507
0.3,0.3,0.4,0.32356,0.296069,0.815697
0.3,0.3,0.5,0.309812,0.345452,0.85984
0.3,0.3,0.6,0.296392,0.398411,0.894774
0.3,0.3,0.7,0.283314,0.453859,0.921793
0.3,0.3,0.8,0.270592,0.510476,0.942321
0.3,0.3,0.9,0.258235,0.566825,0.957709
0.3,0.3,1,0.246252,0.621498,0.969125
0.3,0.4,0,0.431214,0.135856,0.561726
0.3,0.4,0.1,0.415703,0.164772,0.63984
0.3,0.4,0.2,0.400356,0.198429,0.71119
0.3,0.4,0.3,0.385203,0.23701,0.773411
0.3,0.4,0.4,0.37027,0.280468,0.825515
0.3,0.4,0.5,0.35558,0.328464,0.867688
0.3,0.4,0.6,0.341158,0.380332,0.900892
0.3,0.4,0.7,0.327023,0.435083,0.926469
0.3,0.4,0.8,0.313196,0.491466,0.945842
0.3,0.4,0.9,0.299693,0.548066,0.96033
0.3,0.4,1,0.286529,0.60345,0.97106
0.3,0.5,0,0.482382,0.127173,0.578076
0.3,0.5,0.1,0.46654,0.154571,0.655065
0.3,0.5,0.2,0.450765,0.18661,0.724697
0.3,0.5,0.3,0.435088,0.223534,0.784888
0.3,0.5,0.4,0.41954,0.26538,0.834916
0.3,0.5,0.5,0.404151,0.311913,0.875161
0.3,0.5,0.6,0.388947,0.362579,0.906691
0.3,0.5,0.7,0.373957,0.416492,0.930886
0.3,0.5,0.8,0.359204,0.47248,0.949159
0.3,0.5,0.9,0.344713,0.529169,0.962794
0.3,0.5,1,0.330505,0.585116,0.972877
0.3,0.6,0,0.533923,0.118968,0.594257
0.3,0.6,0.1,0.518082,0.144892,0.669979
0.3,0.6,0.2,0.502205,0.175341,0.737805
0.3,0.6,0.3,0.486323,0.210612,0.795937
0.3,0.6,0.4,0.470469,0.250821,0.843907
0.3,0.6,0.5,0.454675,0.295829,0.882269
0.3,0.6,0.6,0.438971,0.345192,0.912183
0.3,0.6,0.7,0.423388,0.398135,0.935057
0.3,0.6,0.8,0.407956,0.453574,0.952284
0.3,0.6,0.9,0.392704,0.510189,0.965112
0.3,0.6,1,0.377658,0.566543,0.974583
0.3,0.7,0,0.584749,0.111225,0.610235
0.3,0.7,0.1,0.569242,0.135722,0.684558
0.3,0.7,0.2,0.553598,0.164614,0.750504
0.3,0.7,0.3,0.537847,0.198246,0.806558
0.3,0.7,0.4,0.522021,0.236803,0.852494
0.3,0.7,0.5,0.50615,0.280236,0.889023
0.3,0.7,0.6,0.490266,0.32821,0.917382
0.3,0.7,0.7,0.474402,0.380061,0.938992
0.3,0.7,0.8,0.45859,0.434801,0.955225
0.3,0.7,0.9,0.442861,0.491178,0.967289
0.3,0.7,1,0.427245,0.547781,0.976184
0.3,0.8,0,0.633834,0.103926,0.62598
0.3,0.8,0.1,0.618966,0.127045,0.698783
0.3,0.8,0.2,0.603871,0.154421,0.762785
0.3,0.8,0.3,0.588576,0.186435,0.816754
0.3,0.8,0.4,0.573107,0.223334,0.860687
0.3,0.8,0.5,0.557495,0.265156,0.895436
0.3,0.8,0.6,0.541767,0.311666,0.9223
0.3,0.8,0.7,0.525957,0.362313,0.942703
0.3,0.8,0.8,0.510094,0.416213,0.957993
0.3,0.8,0.9,0.49421,0.472194,0.969336
0.3,0.8,1,0.478339,0.528883,0.977687
0.3,0.9,0,0.680289,0.0970545,0.641463
0.3,0.9,0.1,0.666314,0.118847,0.712636
0.3,0.9,0.2,0.65204,0.144749,0.774644
0.3,0.9,0.3,0.637488,0.175174,0.826528
0.3,0.9,0.4,0.62268,0.210421,0.868495
0.3,0.9,0.5,0.607639,0.250605,0.901519
0.3,0.9,0.6,0.592391,0.295589,0.926948
0.3,0.9,0.7,0.576963,0.344932,0.946202
0.3,0.9,0.8,0.561384,0.39786,0.960597
0.3,0.9,0.9,0.545682,0.453289,0.971258
0.3,0.9,1,0.529889,0.509901,0.979097
0.3,1,0,0.723422,0.090591,0.656657
0.3,1,0.1,0.71053,0.111111,0.726101
0.3,1,0.2,0.697289,0.135587,0.786076
0.3,1,0.3,0.683711,0.164456,0.835886
0.3,1,0.4,0.669813,0.198064,0.875929
0.3,1,0.5,0.655612,0.236595,0.907285
0.3,1,0.6,0.641127,0.280004,0.931338
0.3,1,0.7,0.62638,0.327957,0.949498
0.3,1,0.8,0.611395,0.37979,0.963046
0.3,1,0.9,0.596196,0.434518,0.973063
0.3,1,1,0.58081,0.490891,0.980419
0.4,0,0,0.30428,0.176983,0.490654
0.4,0,0.1,0.290998,0.2125,0.571778
0.4,0,0.2,0.278065,0.252954,0.649219
0.4,0,0.3,0.265491,0.298192,0.719526
0.4,0,0.4,0.253287,0.347755,0.780505
0.4,0,0.5,0.241458,0.400851,0.831334
0.4,0,0.6,0.230013,0.456381,0.872318
0.4,0,0.7,0.218953,0.513017,0.904487
0.4,0,0.8,0.208281,0.569321,0.92921
0.4,0,0.9,0.197997,0.623887,0.947901
0.4,0,1,0.188101,0.675481,0.96186
0.4,0.1,0,0.349645,0.166177,0.507329
0.4,0.1,0.1,0.335338,0.200052,0.588028
0.4,0.1,0.2,0.321327,0.238854,0.664256
0.4,0.1,0.3,0.307631,0.282525,0.732789
0.4,0.1,0.4,0.294265,0.330711,0.791719
0.4,0.1,0.5,0.281244,0.382732,0.840482
0.4,0.1,0.6,0.26858,0.437585,0.879565
0.4,0.1,0.7,0.256283,0.494008,0.910097
0.4,0.1,0.8,0.24436,0.550584,0.933474
0.4,0.1,0.9,0.232819,0.605881,0.951099
0.4,0.1,1,0.221663,0.658593,0.964233
0.4,0.2,0,0.397905,0.155905,0.523989
0.4,0.2,0.1,0.382786,0.188159,0.604088
0.4,0.2,0.2,0.36789,0.225304,0.678967
0.4,0.2,0.3,0.353242,0.267368,0.745647
0.4,0.2,0.4,0.338864,0.3141,0.802506
0.4,0.2,0.5,0.324778,0.364932,0.849224
0.4,0.2,0.6,0.311002,0.418966,0.886455
0.4,0.2,0.7,0.297552,0.475016,0.915408
0.4,0.2,0.8,0.284445,0.531702,0.937499
0.4,0.2,0.9,0.271691,0.587582,0.95411
0.4,0.2,1,0.259302,0.641293,0.966464
0.4,0.3,0,0.448236,0.146156,0.540595
0.4,0.3,0.1,0.432578,0.176816,0.619927
0.4,0.3,0.2,0.417054,0.212308,0.693331
0.4,0.3,0.3,0.401692,0.252737,0.758091
0.4,0.3,0.4,0.386521,0.297952,0.812866
0.4,0.3,0.5,0.371567,0.347495,0.857569
0.4,0.3,0.6,0.356855,0.400575,0.892998
0.4,0.3,0.7,0.342408,0.456096,0.920433
0.4,0.3,0.8,0.328248,0.51273,0.941295
0.4,0.3,0.9,0.314393,0.569039,0.956944
0.4,0.3,1,0.300861,0.623617,0.96856
0.4,0.4,0,0.49965,0.136919,0.557112
0.4,0.4,0.1,0.483771,0.166017,0.635515
0.4,0.4,0.2,0.467924,0.199868,0.70733
0.4,0.4,0.3,0.452142,0.238645,0.770113
0.4,0.4,0.4,0.436455,0.282292,0.822802
0.4,0.4,0.5,0.420895,0.330457,0.865524
0.4,0.4,0.6,0.40549,0.38246,0.899208
0.4,0.4,0.7,0.390269,0.437302,0.925183
0.4,0.4,0.8,0.375259,0.49372,0.944875
0.4,0.4,0.9,0.360485,0.550299,0.95961
0.4,0.4,1,0.34597,0.605606,0.970529
0.4,0.5,0,0.551071,0.128177,0.573504
0.4,0.5,0.1,0.535306,0.155753,0.650823
0.4,0.5,0.2,0.51947,0.187983,0.720946
0.4,0.5,0.3,0.503595,0.225103,0.78171
0.4,0.5,0.4,0.487712,0.267142,0.83232
0.4,0.5,0.5,0.471855,0.313852,0.873101
0.4,0.5,0.6,0.456054,0.364666,0.905095
0.4,0.5,0.7,0.440341,0.418686,0.929672
0.4,0.5,0.8,0.424746,0.474729,0.948248
0.4,0.5,0.9,0.4093,0.531416,0.962118
0.4,0.5,1,0.394031,0.587304,0.972379
0.4,0.6,0,0.601424,0.119917,0.589735
0.4,0.6,0.1,0.586099,0.146013,0.665827
0.4,0.6,0.2,0.570605,0.176649,0.734167
0.4,0.6,0.3,0.554972,0.212116,0.792879
0.4,0.6,0.4,0.539229,0.252519,0.841425
0.4,0.6,0.5,0.523408,0.297711,0.88031
0.4,0.6,0.6,0.507539,0.347234,0.910672
0.4,0.6,0.7,0.491656,0.400299,0.93391
0.4,0.6,0.8,0.475789,0.455811,0.951426
0.4,0.6,0.9,0.459971,0.512442,0.964476
0.4,0.6,1,0.444233,0.568757,0.974115
0.4,0.7,0,0.649718,0.11212,0.605773
0.4,0.7,0.1,0.635123,0.136783,0.680502
0.4,0.7,0.2,0.620276,0.165858,0.746982
0.4,0.7,0.3,0.6052,0.199684,0.803621
0.4,0.7,0.4,0.589921,0.238437,0.850125
0.4,0.7,0.5,0.574467,0.282059,0.887163
0.4,0.7,0.6,0.558866,0.330202,0.915952
0.4,0.7,0.7,0.543147,0.382188,0.937911
0.4,0.7,0.8,0.527343,0.437019,0.954418
0.4,0.7,0.9,0.511483,0.493433,0.966692
0.4,0.7,1,0.4956,0.550015,0.975745
0.4,0.8,0,0.695127,0.104769,0.621587
0.4,0.8,0.1,0.681497,0.128049,0.694828
0.4,0.8,0.2,0.667549,0.155602,0.759381
0.4,0.8,0.3,0.653301,0.187807,0.813936
0.4,0.8,0.4,0.638772,0.224903,0.858427
0.4,0.8,0.5,0.623986,0.266917,0.89367
0.4,0.8,0.6,0.608964,0.313605,0.920947
0.4,0.8,0.7,0.593733,0.364399,0.941684
0.4,0.8,0.8,0.57832,0.418406,0.957233
0.4,0.8,0.9,0.562752,0.474442,0.968774
0.4,0.8,1,0.54706,0.53113,0.977275
0.4,0.9,0,0.737032,0.0978478,0.637146
0.4,0.9,0.1,0.724533,0.119795,0.708787
0.4,0.9,0.2,0.711672,0.14587,0.771359
0.4,0.9,0.3,0.698461,0.176481,0.823828
0.4,0.9,0.4,0.684912,0.211923,0.866343
0.4,0.9,0.5,0.671042,0.252302,0.899845
0.4,0.9,0.6,0.656866,0.297471,0.92567
0.4,0.9,0.7,0.642405,0.346973,0.945241
0.4,0.9,0.8,0.627681,0.400023,0.959883
0.4,0.9,0.9,0.612715,0.455525,0.97073
0.4,0.9,1,0.597534,0.512155,0.97871
0.4,1,0,0.775041,0.0913369,0.652424
0.4,1,0.1,0.76377,0.112005,0.722362
0.4,1,0.2,0.752114,0.136647,0.782911
0.4,1,0.3,0.740079,0.165699,0.833302
0.4,1,0.4,0.727671,0.1995,0.87388
0.4,1,0.5,0.714899,0.238228,0.905699
0.4,1,0.6,0.701774,0.281826,0.930131
0.4,1,0.7,0.688308,0.329948,0.948593
0.4,1,0.8,0.674516,0.381917,0.962374
0.4,1,0.9,0.660414,0.436736,0.972567
0.4,1,1,0.646022,0.493145,0.980057
0.5,0,0,0.365516,0.178301,0.485976
0.5,0,0.1,0.35091,0.214014,0.567189
0.5,0,0.2,0.336578,0.254662,0.644944
0.5,0,0.3,0.322541,0.300084,0.715732
0.5,0,0.4,0.308816,0.349804,0.777281
0.5,0,0.5,0.295421,0.403019,0.828693
0.5,0,0.6,0.282369,0.45862,0.870218
0.5,0,0.7,0.269673,0.51527,0.902858
0.5,0,0.8,0.257344,0.571531,0.927968
0.5,0,0.9,0.245389,0.626001,0.946969
0.5,0,1,0.233814,0.677455,0.961167
0.5,0.1,0,0.414571,0.16743,0.50265
0.5,0.1,0.1,0.399238,0.201499,0.583486
0.5,0.1,0.2,0.3841,0.240498,0.660069
0.5,0.1,0.3,0.369184,0.284357,0.729108
0.5,0.1,0.4,0.354513,0.332711,0.788615
0.5,0.1,0.5,0.340111,0.384865,0.837956
0.5,0.1,0.6,0.325998,0.439806,0.877568
0.5,0.1,0.7,0.312194,0.496263,0.908554
0.5,0.1,0.8,0.298716,0.552815,0.932302
0.5,0.1,0.9,0.285578,0.608033,0.950221
0.5,0.1,1,0.272793,0.660618,0.963582
0.5,0.2,0,0.46538,0.157095,0.519318
0.5,0.2,0.1,0.449612,0.18954,0.599603
0.5,0.2,0.2,0.433943,0.226882,0.674873
0.5,0.2,0.3,0.418406,0.269138,0.74208
0.5,0.2,0.4,0.403029,0.316047,0.799522
0.5,0.2,0.5,0.38784,0.367025,0.846812
0.5,0.2,0.6,0.372866,0.421163,0.884557
0.5,0.2,0.7,0.358132,0.477266,0.913947
0.5,0.2,0.8,0.343661,0.533948,0.936393
0.5,0.2,0.9,0.329475,0.589766,0.953283
0.5,0.2,1,0.315593,0.643365,0.965852
0.5,0.3,0,0.516919,0.147286,0.535943
0.5,0.3,0.1,0.50104,0.178133,0.615507
0.5,0.3,0.2,0.485159,0.21382,0.689337
0.5,0.3,0.3,0.469309,0.254444,0.754641
0.5,0.3,0.4,0.45352,0.299842,0.810002
0.5,0.3,0.5,0.437823,0.349543,0.855267
0.5,0.3,0.6,0.422251,0.402743,0.891196
0.5,0.3,0.7,0.406831,0.458334,0.919051
0.5,0.3,0.8,0.391593,0.514983,0.940252
0.5,0.3,0.9,0.376564,0.571249,0.956166
0.5,0.3,1,0.361768,0.625732,0.967985
0.5,0.4,0,0.568099,0.137988,0.552488
0.5,0.4,0.1,0.552446,0.16727,0.631168
0.5,0.4,0.2,0.536689,0.201314,0.703439
0.5,0.4,0.3,0.520858,0.240288,0.766782
0.5,0.4,0.4,0.504985,0.284123,0.820056
0.5,0.4,0.5,0.489102,0.332456,0.86333
0.5,0.4,0.6,0.473241,0.384593,0.897498
0.5,0.4,0.7,0.457433,0.439523,0.923877
0.5,0.4,0.8,0.441711,0.495975,0.943892
0.5,0.4,0.9,0.426105,0.55253,0.958878
0.5,0.4,1,0.410645,0.607759,0.969989
0.5,0.5,0,0.617866,0.129189,0.568918
0.5,0.5,0.1,0.602756,0.156943,0.646557
0.5,0.5,0.2,0.587447,0.189364,0.717165
0.5,0.5,0.3,0.571967,0.226681,0.778499
0.5,0.5,0.4,0.556345,0.268912,0.829691
0.5,0.5,0.5,0.54061,0.315798,0.871012
0.5,0.5,0.6,0.524795,0.366758,0.903474
0.5,0.5,0.7,0.508929,0.420883,0.928438
0.5,0.5,0.8,0.493045,0.476979,0.947322
0.5,0.5,0.9,0.477176,0.533662,0.96143
0.5,0.5,1,0.461352,0.589488,0.971871
0.5,0.6,0,0.665277,0.120872,0.585198
0.5,0.6,0.1,0.650982,0.147141,0.661649
0.5,0.6,0.2,0.636411,0.177964,0.730498
0.5,0.6,0.3,0.621585,0.213627,0.789788
0.5,0.6,0.4,0.606528,0.254226,0.838911
0.5,0.6,0.5,0.591266,0.299601,0.878324
0.5,0.6,0.6,0.575826,0.349281,0.909138
0.5,0.6,0.7,0.560236,0.402466,0.932746
0.5,0.6,0.8,0.544527,0.458049,0.950553
0.5,0.6,0.9,0.528728,0.514696,0.963829
0.5,0.6,1,0.512872,0.570968,0.973639
0.5,0.7,0,0.709571,0.113021,0.601294
0.5,0.7,0.1,0.696304,0.137852,0.676418
0.5,0.7,0.2,0.682703,0.16711,0.743428
0.5,0.7,0.3,0.668782,0.201129,0.80065
0.5,0.7,0.4,0.654559,0.240078,0.847724
0.5,0.7,0.5,0.640054,0.283889,0.885275
0.5,0.7,0.6,0.625289,0.3322,0.9145
0.5,0.7,0.7,0.610287,0.38432,0.936812
0.5,0.7,0.8,0.595074,0.439239,0.953596
0.5,0.7,0.9,0.579675,0.495688,0.966084
0.5,0.7,1,0.56412,0.552246,0.975298
0.5,0.8,0,0.750204,0.105618,0.617174
0.5,0.8,0.1,0.738108,0.12906,0.690844
0.5,0.8,0.2,0.725641,0.156791,0.755944
0.5,0.8,0.3,0.712812,0.189187,0.811084
0.5,0.8,0.4,0.699631,0.226479,0.856137
0.5,0.8,0.5,0.686111,0.268686,0.891878
0.5,0.8,0.6,0.672268,0.31555,0.919574
0.5,0.8,0.7,0.658118,0.366491,0.940647
0.5,0.8,0.8,0.643682,0.420603,0.95646
0.5,0.8,0.9,0.628979,0.476692,0.968203
0.5,0.8,1,0.614034,0.533375,0.976855
0.5,0.9,0,0.78686,0.0986469,0.632807
0.5,0.9,0.1,0.776009,0.12075,0.704908
0.5,0.9,0.2,0.764772,0.146997,0.768041
0.5,0.9,0.3,0.753149,0.177796,0.821094
0.5,0.9,0.4,0.741147,0.213434,0.86416
0.5,0.9,0.5,0.728772,0.254008,0.898145
0.5,0.9,0.6,0.716031,0.299359,0.924371
0.5,0.9,0.7,0.702936,0.34902,0.944264
0.5,0.9,0.8,0.689499,0.40219,0.959155
0.5,0.9,0.9,0.675735,0.457763,0.970194
0.5,0.9,1,0.66166,0.514409,0.978316
0.5,1,0,0.819431,0.0920882,0.648167
0.5,1,0.1,0.809838,0.112906,0.718592
0.5,1,0.2,0.79986,0.137715,0.779712
0.5,1,0.3,0.789494,0.16695,0.830685
0.5,1,0.4,0.77874,0.200945,0.871802
0.5,1,0.5,0.767598,0.239869,0.904088
0.5,1,0.6,0.756071,0.283656,0.928905
0.5,1,0.7,0.744163,0.331945,0.947673
0.5,1,0.8,0.73188,0.384048,0.96169
0.5,1,0.9,0.719229,0.438956,0.972064
0.5,1,1,0.706221,0.4954,0.979687
0.6,0,0,0.431435,0.179627,0.481301
0.6,0,0.1,0.415921,0.215535,0.562588
0.6,0,0.2,0.400573,0.256378,0.640646
0.6,0,0.3,0.385417,0.301981,0.711908
0.6,0,0.4,0.37048,0.351858,0.774023
0.6,0,0.5,0.355786,0.405191,0.826019
0.6,0,0.6,0.34136,0.46086,0.868089
0.6,0,0.7,0.327221,0.517523,0.901204
0.6,0,0.8,0.31339,0.573738,0.926707
0.6,0,0.9,0.299882,0.628111,0.946021
0.6,0,1,0.286713,0.679423,0.960463
0.6,0.1,0,0.482607,0.168691,0.49797
0.6,0.1,0.1,0.466764,0.202954,0.578929
0.6,0.1,0.2,0.450988,0.24215,0.655856
0.6,0.1,0.3,0.43531,0.286196,0.725394
0.6,0.1,0.4,0.41976,0.334716,0.785478
0.6,0.1,0.5,0.404367,0.387002,0.835398
0.6,0.1,0.6,0.389161,0.442029,0.875543
0.6,0.1,0.7,0.374167,0.498518,0.906986
0.6,0.1,0.8,0.359411,0.555044,0.931111
0.6,0.1,0.9,0.344917,0.61018,0.949328
0.6,0.1,1,0.330705,0.662637,0.96292
0.6,0.2,0,0.534147,0.158294,0.514643
0.6,0.2,0.1,0.518307,0.19093,0.5951
0.6,0.2,0.2,0.50243,0.228468,0.670752
0.6,0.2,0.3,0.486548,0.270916,0.738481
0.6,0.2,0.4,0.470694,0.318,0.796505
0.6,0.2,0.5,0.454898,0.369123,0.844367
0.6,0.2,0.6,0.439192,0.423364,0.882632
0.6,0.2,0.7,0.423608,0.479516,0.912463
0.6,0.2,0.8,0.408174,0.536192,0.935269
0.6,0.2,0.9,0.392919,0.591947,0.952442
0.6,0.2,1,0.37787,0.645432,0.965229
0.6,0.3,0,0.584968,0.148422,0.531284
0.6,0.3,0.1,0.569463,0.179457,0.611067
0.6,0.3,0.2,0.553821,0.21534,0.685314
0.6,0.3,0.3,0.538071,0.256159,0.751158
0.6,0.3,0.4,0.522245,0.301739,0.807104
0.6,0.3,0.5,0.506375,0.351596,0.852934
0.6,0.3,0.6,0.490491,0.404914,0.889368
0.6,0.3,0.7,0.474627,0.460575,0.917647
0.6,0.3,0.8,0.458814,0.517236,0.939192
0.6,0.3,0.9,0.443083,0.573457,0.955375
0.6,0.3,1,0.427465,0.627842,0.9674
0.6,0.4,0,0.634043,0.139065,0.547856
0.6,0.4,0.1,0.619178,0.16853,0.626799
0.6,0.4,0.2,0.604086,0.202769,0.699519
0.6,0.4,0.3,0.588793,0.241939,0.763418
0.6,0.4,0.4,0.573327,0.285961,0.817277
0.6,0.4,0.5,0.557717,0.33446,0.861106
0.6,0.4,0.6,0.541991,0.38673,0.895763
0.6,0.4,0.7,0.526181,0.441746,0.92255
0.6,0.4,0.8,0.510319,0.49823,0.942892
0.6,0.4,0.9,0.494435,0.554759,0.958134
0.6,0.4,1,0.478563,0.609907,0.96944
0.6,0.5,0,0.680485,0.130207,0.564322
0.6,0.5,0.1,0.666514,0.15814,0.642268
0.6,0.5,0.2,0.652245,0.190752,0.713352
0.6,0.5,0.3,0.637696,0.228266,0.775254
0.6,0.5,0.4,0.622892,0.270689,0.82703
0.6,0.5,0.5,0.607854,0.31775,0.868895
0.6,0.5,0.6,0.592609,0.368855,0.90183
0.6,0.5,0.7,0.577183,0.423083,0.927184
0.6,0.5,0.8,0.561605,0.479229,0.94638
0.6,0.5,0.9,0.545905,0.535906,0.96073
0.6,0.5,1,0.530114,0.591669,0.971355
0.6,0.6,0,0.723602,0.121834,0.580647
0.6,0.6,0.1,0.710715,0.148277,0.657445
0.6,0.6,0.2,0.697479,0.179288,0.726797
0.6,0.6,0.3,0.683906,0.215146,0.786664
0.6,0.6,0.4,0.670012,0.25594,0.836365
0.6,0.6,0.5,0.655815,0.301497,0.876309
0.6,0.6,0.6,0.641334,0.351334,0.907579
0.6,0.6,0.7,0.626591,0.404637,0.931562
0.6,0.6,0.8,0.611609,0.460289,0.949666
0.6,0.6,0.9,0.596413,0.516949,0.96317
0.6,0.6,1,0.581029,0.573176,0.973154
0.6,0.7,0,0.762928,0.113928,0.596798
0.6,0.7,0.1,0.751244,0.138927,0.672307
0.6,0.7,0.2,0.739182,0.168369,0.739841
0.6,0.7,0.3,0.726747,0.202583,0.797645
0.6,0.7,0.4,0.713949,0.241728,0.845292
0.6,0.7,0.5,0.700798,0.285727,0.88336
0.6,0.7,0.6,0.687307,0.334204,0.913025
0.6,0.7,0.7,0.673492,0.386457,0.935694
0.6,0.7,0.8,0.659368,0.441462,0.952761
0.6,0.7,0.9,0.644956,0.497943,0.965465
0.6,0.7,1,0.630276,0.554475,0.974843
0.6,0.8,0,0.798219,0.106473,0.612741
0.6,0.8,0.1,0.787791,0.130077,0.686832
0.6,0.8,0.2,0.776974,0.157987,0.752474
0.6,0.8,0.3,0.76577,0.190575,0.808199
0.6,0.8,0.4,0.754182,0.228063,0.853816
0.6,0.8,0.5,0.742213,0.270462,0.89006
0.6,0.8,0.6,0.729869,0.317501,0.918178
0.6,0.8,0.7,0.71716,0.368588,0.939593
0.6,0.8,0.8,0.704096,0.422802,0.955674
0.6,0.8,0.9,0.690688,0.478942,0.967622
0.6,0.8,1,0.676952,0.53562,0.976428
0.6,0.9,0,0.829431,0.0994519,0.628447
0.6,0.9,0.1,0.820253,0.121711,0.700999
0.6,0.9,0.2,0.810693,0.148132,0.764689
0.6,0.9,0.3,0.800749,0.179119,0.818328
0.6,0.9,0.4,0.790417,0.214952,0.861947
0.6,0.9,0.5,0.779697,0.255721,0.89642
0.6,0.9,0.6,0.768589,0.301255,0.923052
0.6,0.9,0.7,0.757095,0.351072,0.943271
0.6,0.9,0.8,0.74522,0.40436,0.958416
0.6,0.9,0.9,0.732969,0.460003,0.969648
0.6,0.9,1,0.72035,0.516661,0.977916
0.6,1,0,0.856682,0.0928452,0.643886
0.6,1,0.1,0.848702,0.113812,0.714791
0.6,1,0.2,0.840361,0.13879,0.77648
0.6,1,0.3,0.831652,0.168208,0.828036
0.6,1,0.4,0.822567,0.202397,0.869696
0.6,1,0.5,0.813103,0.241517,0.902452
0.6,1,0.6,0.803254,0.285492,0.927659
0.6,1,0.7,0.793019,0.333949,0.946737
0.6,1,0.8,0.782395,0.386184,0.960995
0.6,1,0.9,0.771384,0.441179,0.971551
0.6,1,1,0.759985,0.497655,0.979311
0.7,0,0,0.499875,0.18096,0.47663
0.7,0,0.1,0.483995,0.217064,0.557976
0.7,0,0.2,0.468148,0.258101,0.636325
0.7,0,0.3,0.452365,0.303886,0.708054
0.7,0,0.4,0.436677,0.353918,0.770732
0.7,0,0.5,0.421114,0.407367,0.823312
0.7,0,0.6,0.405707,0.463102,0.865931
0.7,0,0.7,0.390484,0.519775,0.899524
0.7,0,0.8,0.37547,0.575943,0.925425
0.7,0,0.9,0.360692,0.630215,0.945057
0.7,0,1,0.346174,0.681384,0.959746
0.7,0.1,0,0.551294,0.16996,0.49329
0.7,0.1,0.1,0.53553,0.204418,0.574359
0.7,0.1,0.2,0.519695,0.243809,0.651618
0.7,0.1,0.3,0.50382,0.288043,0.72165
0.7,0.1,0.4,0.487937,0.336728,0.782307
0.7,0.1,0.5,0.472079,0.389144,0.832808
0.7,0.1,0.6,0.456277,0.444255,0.873488
0.7,0.1,0.7,0.440562,0.500772,0.905395
0.7,0.1,0.8,0.424966,0.55727,0.9299
0.7,0.1,0.9,0.409518,0.612324,0.94842
0.7,0.1,1,0.394246,0.664651,0.962245
0.7,0.2,0,0.601639,0.159499,0.509966
0.7,0.2,0.1,0.586317,0.192327,0.590582
0.7,0.2,0.2,0.570826,0.230062,0.666605
0.7,0.2,0.3,0.555194,0.272701,0.73485
0.7,0.2,0.4,0.539453,0.319959,0.793454
0.7,0.2,0.5,0.523632,0.371226,0.841892
0.7,0.2,0.6,0.507764,0.425567,0.880678
0.7,0.2,0.7,0.491881,0.481768,0.910956
0.7,0.2,0.8,0.476013,0.538434,0.934126
0.7,0.2,0.9,0.460194,0.594124,0.951587
0.7,0.2,1,0.444455,0.647494,0.964596
0.7,0.3,0,0.649923,0.149566,0.52662
0.7,0.3,0.1,0.635332,0.180789,0.606609
0.7,0.3,0.2,0.620488,0.216868,0.681263
0.7,0.3,0.3,0.605415,0.257881,0.747643
0.7,0.3,0.4,0.590139,0.303643,0.804173
0.7,0.3,0.5,0.574687,0.353655,0.85057
0.7,0.3,0.6,0.559088,0.40709,0.887512
0.7,0.3,0.7,0.543371,0.462816,0.916221
0.7,0.3,0.8,0.527567,0.519488,0.938114
0.7,0.3,0.9,0.511708,0.575662,0.95457
0.7,0.3,1,0.495825,0.629947,0.966804
0.7,0.4,0,0.695318,0.140148,0.543214
0.7,0.4,0.1,0.681692,0.169798,0.62241
0.7,0.4,0.2,0.667749,0.204231,0.69557
0.7,0.4,0.3,0.653505,0.243597,0.76002
0.7,0.4,0.4,0.63898,0.287807,0.814465
0.7,0.4,0.5,0.624197,0.336471,0.858852
0.7,0.4,0.6,0.609178,0.388871,0.894002
0.7,0.4,0.7,0.59395,0.443971,0.921202
0.7,0.4,0.8,0.578539,0.500485,0.941876
0.7,0.4,0.9,0.562974,0.556986,0.957376
0.7,0.4,1,0.547283,0.612051,0.96888
0.7,0.5,0,0.737207,0.131232,0.559714
0.7,0.5,0.1,0.724713,0.159345,0.637955
0.7,0.5,0.2,0.711857,0.192148,0.709509
0.7,0.5,0.3,0.698651,0.229859,0.771976
0.7,0.5,0.4,0.685107,0.272473,0.824335
0.7,0.5,0.5,0.67124,0.319709,0.866747
0.7,0.5,0.6,0.657069,0.370958,0.90016
0.7,0.5,0.7,0.642612,0.425286,0.92591
0.7,0.5,0.8,0.627891,0.481481,0.945422
0.7,0.5,0.9,0.612929,0.538148,0.960017
0.7,0.5,1,0.59775,0.593847,0.97083
0.7,0.6,0,0.775198,0.122802,0.576082
0.7,0.6,0.1,0.763932,0.14942,0.653217
0.7,0.6,0.2,0.752282,0.180619,0.723064
0.7,0.6,0.3,0.740252,0.216673,0.783505
0.7,0.6,0.4,0.72785,0.257661,0.833787
0.7,0.6,0.5,0.715083,0.3034,0.874265
0.7,0.6,0.6,0.701962,0.353393,0.905997
0.7,0.6,0.7,0.688501,0.406812,0.930359
0.7,0.6,0.8,0.674713,0.46253,0.948764
0.7,0.6,0.9,0.660616,0.519201,0.962501
0.7,0.6,1,0.646228,0.575381,0.972661
0.7,0.7,0,0.80912,0.114842,0.592285
0.7,0.7,0.1,0.799113,0.14001,0.66817
0.7,0.7,0.2,0.788719,0.169636,0.736221
0.7,0.7,0.3,0.777936,0.204044,0.794607
0.7,0.7,0.4,0.766766,0.243385,0.842828
0.7,0.7,0.5,0.755211,0.287571,0.881417
0.7,0.7,0.6,0.743275,0.336214,0.911527
0.7,0.7,0.7,0.730964,0.388598,0.934559
0.7,0.7,0.8,0.718287,0.443687,0.951911
0.7,0.7,0.9,0.705253,0.500197,0.964835
0.7,0.7,1,0.691875,0.556703,0.97438
0.7,0.8,0,0.838986,0.107335,0.60829
0.7,0.8,0.1,0.830216,0.131101,0.682791
0.7,0.8,0.2,0.821071,0.159191,0.748971
0.7,0.8,0.3,0.811545,0.19197,0.80528
0.7,0.8,0.4,0.801634,0.229655,0.851464
0.7,0.8,0.5,0.791336,0.272245,0.888214
0.7,0.8,0.6,0.78065,0.319459,0.916761
0.7,0.8,0.7,0.769576,0.370689,0.938522
0.7,0.8,0.8,0.758116,0.425005,0.954874
0.7,0.8,0.9,0.746274,0.481194,0.96703
0.7,0.8,1,0.734056,0.537862,0.975993
0.7,0.9,0,0.864959,0.100263,0.624065
0.7,0.9,0.1,0.857363,0.122678,0.697061
0.7,0.9,0.2,0.849415,0.149274,0.761304
0.7,0.9,0.3,0.841106,0.180449,0.815528
0.7,0.9,0.4,0.832429,0.216478,0.859705
0.7,0.9,0.5,0.823377,0.257441,0.894668
0.7,0.9,0.6,0.813946,0.303157,0.921712
0.7,0.9,0.7,0.804132,0.35313,0.94226
0.7,0.9,0.8,0.79393,0.406535,0.957663
0.7,0.9,0.9,0.78334,0.462245,0.969092
0.7,0.9,1,0.772363,0.518913,0.977508
0.7,1,0,0.887305,0.0936077,0.639582
0.7,1,0.1,0.880793,0.114725,0.71096
0.7,1,0.2,0.873958,0.139871,0.773214
0.7,1,0.3,0.866791,0.169474,0.825354
0.7,1,0.4,0.859282,0.203857,0.867559
0.7,1,0.5,0.851422,0.243173,0.900791
0.7,1,0.6,0.843204,0.287336,0.926392
0.7,1,0.7,0.834619,0.335958,0.945785
0.7,1,0.8,0.825661,0.388325,0.960287
0.7,1,0.9,0.816324,0.443404,0.971029
0.7,1,1,0.806605,0.49991,0.978929
0.8,0,0,0.56832,0.1823,0.471962
0.8,0,0.1,0.552669,0.218601,0.553354
0.8,0,0.2,0.536913,0.259832,0.631982
0.8,0,0.3,0.521082,0.305798,0.704169
0.8,0,0.4,0.50521,0.355983,0.767408
0.8,0,0.5,0.489327,0.409547,0.820572
0.8,0,0.6,0.473465,0.465346,0.863743
0.8,0,0.7,0.457657,0.522026,0.89782
0.8,0,0.8,0.441933,0.578144,0.924123
0.8,0,0.9,0.426325,0.632315,0.944077
0.8,0,1,0.410863,0.683339,0.959016
0.8,0.1,0,0.618078,0.171236,0.488612
0.8,0.1,0.1,0.602971,0.205888,0.569777
0.8,0.1,0.2,0.587665,0.245476,0.647357
0.8,0.1,0.3,0.572187,0.289896,0.717874
0.8,0.1,0.4,0.556567,0.338745,0.779102
0.8,0.1,0.5,0.540834,0.391291,0.830185
0.8,0.1,0.6,0.525019,0.446483,0.871405
0.8,0.1,0.7,0.509154,0.503027,0.903779
0.8,0.1,0.8,0.49327,0.559494,0.92867
0.8,0.1,0.9,0.4774,0.614463,0.947496
0.8,0.1,1,0.461576,0.666658,0.961559
0.8,0.2,0,0.665477,0.160712,0.505287
0.8,0.2,0.1,0.651187,0.193732,0.586048
0.8,0.2,0.2,0.636619,0.231664,0.662432
0.8,0.2,0.3,0.621796,0.274494,0.731186
0.8,0.2,0.4,0.606743,0.321925,0.790369
0.8,0.2,0.5,0.591483,0.373334,0.839384
0.8,0.2,0.6,0.576045,0.427774,0.878697
0.8,0.2,0.7,0.560458,0.48402,0.909426
0.8,0.2,0.8,0.54475,0.540675,0.932965
0.8,0.2,0.9,0.528953,0.596297,0.950718
0.8,0.2,1,0.513097,0.64955,0.963951
0.8,0.3,0,0.709756,0.150717,0.521951
0.8,0.3,0.1,0.696494,0.182129,0.602133
0.8,0.3,0.2,0.682898,0.218404,0.677184
0.8,0.3,0.3,0.668981,0.259611,0.744095
0.8,0.3,0.4,0.654763,0.305554,0.801208
0.8,0.3,0.5,0.640262,0.35572,0.848175
0.8,0.3,0.6,0.6255,0.409269,0.88563
0.8,0.3,0.7,0.610501,0.46506,0.914773
0.8,0.3,0.8,0.595291,0.521739,0.937018
0.8,0.3,0.9,0.579894,0.577864,0.953751
0.8,0.3,1,0.564341,0.632047,0.966198
0.8,0.4,0,0.750373,0.141239,0.538566
0.8,0.4,0.1,0.738282,0.171073,0.618001
0.8,0.4,0.2,0.725821,0.2057,0.691591
0.8,0.4,0.3,0.712996,0.245263,0.756589
0.8,0.4,0.4,0.69982,0.289659,0.81162
0.8,0.4,0.5,0.686305,0.338488,0.856568
0.8,0.4,0.6,0.672466,0.391017,0.892215
0.8,0.4,0.7,0.658321,0.446199,0.919832
0.8,0.4,0.8,0.643888,0.50274,0.940842
0.8,0.4,0.9,0.629189,0.559211,0.956606
0.8,0.4,1,0.614247,0.61419,0.968311
0.8,0.5,0,0.787011,0.132264,0.555095
0.8,0.5,0.1,0.776166,0.160557,0.63362
0.8,0.5,0.2,0.764933,0.193553,0.705635
0.8,0.5,0.3,0.753317,0.231459,0.768664
0.8,0.5,0.4,0.74132,0.274265,0.821608
0.8,0.5,0.5,0.72895,0.321674,0.86457
0.8,0.5,0.6,0.716214,0.373065,0.898465
0.8,0.5,0.7,0.703124,0.427492,0.924616
0.8,0.5,0.8,0.689692,0.483733,0.944448
0.8,0.5,0.9,0.675932,0.540389,0.959292
0.8,0.5,1,0.661861,0.59602,0.970295
0.8,0.6,0,0.819565,0.123777,0.571504
0.8,0.6,0.1,0.809977,0.15057,0.648964
0.8,0.6,0.2,0.800004,0.181958,0.7193
0.8,0.6,0.3,0.789644,0.218208,0.780313
0.8,0.6,0.4,0.778895,0.25939,0.831177
0.8,0.6,0.5,0.767759,0.30531,0.872193
0.8,0.6,0.6,0.756237,0.355456,0.904391
0.8,0.6,0.7,0.744334,0.408991,0.929136
0.8,0.6,0.8,0.732056,0.464773,0.947846
0.8,0.6,0.9,0.719411,0.521452,0.961819
0.8,0.6,1,0.706408,0.577583,0.972158
0.8,0.7,0,0.848103,0.115762,0.587757
0.8,0.7,0.1,0.839735,0.141099,0.664006
0.8,0.7,0.2,0.830998,0.17091,0.73257
0.8,0.7,0.3,0.821886,0.205513,0.791535
0.8,0.7,0.4,0.812394,0.24505,0.840332
0.8,0.7,0.5,0.802517,0.289423,0.879447
0.8,0.7,0.6,0.792253,0.33823,0.910005
0.8,0.7,0.7,0.781601,0.390743,0.933404
0.8,0.7,0.8,0.770561,0.445915,0.951047
0.8,0.7,0.9,0.759134,0.502452,0.964195
0.8,0.7,1,0.747326,0.558927,0.973908
0.8,0.8,0,0.872828,0.108202,0.603821
0.8,0.8,0.1,0.865607,0.132132,0.678723
0.8,0.8,0.2,0.858042,0.160402,0.745435
0.8,0.8,0.3,0.850125,0.193373,0.802328
0.8,0.8,0.4,0.841848,0.231255,0.849081
0.8,0.8,0.5,0.833203,0.274036,0.886342
0.8,0.8,0.6,0.824185,0.321423,0.915321
0.8,0.8,0.7,0.814787,0.372796,0.937433
0.8,0.8,0.8,0.805006,0.427211,0.954061
0.8,0.8,0.9,0.794838,0.483446,0.966428
0.8,0.8,1,0.784283,0.540104,0.975551
0.8,0.9,0,0.894032,0.101079,0.619663
0.8,0.9,0.1,0.887859,0.123652,0.693093
0.8,0.9,0.2,0.881375,0.150423,0.757885
0.8,0.9,0.3,0.87457,0.181787,0.812695
0.8,0.9,0.4,0.867432,0.218012,0.857432
0.8,0.9,0.5,0.859953,0.259169,0.892891
0.8,0.9,0.6,0.852124,0.305066,0.920351
0.8,0.9,0.7,0.843937,0.355193,0.941234
0.8,0.9,0.8,0.835385,0.408713,0.956898
0.8,0.9,0.9,0.82646,0.464487,0.968526
0.8,0.9,1,0.817156,0.521165,0.977093
0.8,1,0,0.912056,0.0943758,0.635255
0.8,1,0.1,0.906824,0.115644,0.707098
0.8,1,0.2,0.901315,0.14096,0.769915
0.8,1,0.3,0.895517,0.170747,0.822639
0.8,1,0.4,0.889421,0.205325,0.865394
0.8,1,0.5,0.883015,0.244837,0.899106
0.8,1,0.6,0.87629,0.289186,0.925106
0.8,1,0.7,0.869236,0.337973,0.944817
0.8,1,0.8,0.861843,0.390469,0.959567
0.8,1,0.9,0.854102,0.445631,0.970497
0.8,1,1,0.846004,0.502165,0.978539
0.9,0,0,0.634252,0.183649,0.467299
0.9,0,0.1,0.61939,0.220145,0.548722
0.9,0,0.2,0.604301,0.261571,0.627618
0.9,0,0.3,0.589011,0.307716,0.700254
0.9,0,0.4,0.573548,0.358054,0.764049
0.9,0,0.5,0.557939,0.41173,0.8178
0.9,0,0.6,0.542214,0.467591,0.861524
0.9,0,0.7,0.526405,0.524276,0.896089
0.9,0,0.8,0.510543,0.580343,0.9228
0.9,0,0.9,0.49466,0.634409,0.94308
0.9,0,1,0.478788,0.685288,0.958274
0.9,0.1,0,0.68068,0.17252,0.483936
0.9,0.1,0.1,0.666714,0.207367,0.565182
0.9,0.1,0.2,0.652449,0.24715,0.643071
0.9,0.1,0.3,0.637904,0.291756,0.714067
0.9,0.1,0.4,0.623103,0.340769,0.775863
0.9,0.1,0.5,0.608068,0.393441,0.82753
0.9,0.1,0.6,0.592826,0.448714,0.869293
0.9,0.1,0.7,0.577403,0.505282,0.902139
0.9,0.1,0.8,0.561827,0.561716,0.92742
0.9,0.1,0.9,0.546128,0.616597,0.946557
0.9,0.1,1,0.530338,0.66866,0.960861
0.9,0.2,0,0.723782,0.161932,0.500607
0.9,0.2,0.1,0.7109,0.195145,0.581499
0.9,0.2,0.2,0.697669,0.233273,0.658233
0.9,0.2,0.3,0.6841,0.276294,0.727491
0.9,0.2,0.4,0.670211,0.323897,0.78725
0.9,0.2,0.5,0.656018,0.375447,0.836844
0.9,0.2,0.6,0.641541,0.429983,0.876688
0.9,0.2,0.7,0.626802,0.486273,0.907872
0.9,0.2,0.8,0.611823,0.542914,0.931785
0.9,0.2,0.9,0.596629,0.598467,0.949833
0.9,0.2,1,0.581248,0.6516,0.963294
0.9,0.3,0,0.763091,0.151875,0.517278
0.9,0.3,0.1,0.751413,0.183476,0.59764
0.9,0.3,0.2,0.739355,0.219948,0.673078
0.9,0.3,0.3,0.726926,0.261349,0.740514
0.9,0.3,0.4,0.714132,0.307471,0.798209
0.9,0.3,0.5,0.700987,0.35779,0.845749
0.9,0.3,0.6,0.687501,0.411451,0.88372
0.9,0.3,0.7,0.67369,0.467304,0.913302
0.9,0.3,0.8,0.65957,0.523989,0.935905
0.9,0.3,0.9,0.645162,0.580063,0.952918
0.9,0.3,1,0.630485,0.634143,0.965582
0.9,0.4,0,0.798364,0.142336,0.53391
0.9,0.4,0.1,0.787941,0.172356,0.613572
0.9,0.4,0.2,0.77713,0.207178,0.687584
0.9,0.4,0.3,0.765932,0.246936,0.753125
0.9,0.4,0.4,0.754348,0.291519,0.808741
0.9,0.4,0.5,0.742385,0.340511,0.854252
0.9,0.4,0.6,0.730047,0.393167,0.890402
0.9,0.4,0.7,0.717343,0.448429,0.918441
0.9,0.4,0.8,0.704284,0.504995,0.939792
0.9,0.4,0.9,0.690881,0.561433,0.955822
0.9,0.4,1,0.677149,0.616325,0.967731
0.9,0.5,0,0.829558,0.133302,0.550468
0.9,0.5,0.1,0.820385,0.161776,0.629264
0.9,0.5,0.2,0.810831,0.194964,0.701732
0.9,0.5,0.3,0.800892,0.233068,0.765318
0.9,0.5,0.4,0.790566,0.276064,0.818848
0.9,0.5,0.5,0.779851,0.323645,0.862363
0.9,0.5,0.6,0.768749,0.375177,0.896744
0.9,0.5,0.7,0.757261,0.429701,0.923301
0.9,0.5,0.8,0.745391,0.485986,0.943458
0.9,0.5,0.9,0.733145,0.542629,0.958555
0.9,0.5,1,0.720532,0.59819,0.969751
0.9,0.6,0,0.856792,0.124758,0.566914
0.9,0.6,0.1,0.848818,0.151727,0.644688
0.9,0.6,0.2,0.840482,0.183304,0.715504
0.9,0.6,0.3,0.831778,0.219751,0.777087
0.9,0.6,0.4,0.822699,0.261127,0.828534
0.9,0.6,0.5,0.81324,0.307226,0.870092
0.9,0.6,0.6,0.803397,0.357526,0.90276
0.9,0.6,0.7,0.793167,0.411173,0.927893
0.9,0.6,0.8,0.782548,0.467018,0.946913
0.9,0.6,0.9,0.771542,0.523702,0.961126
0.9,0.6,1,0.76015,0.579782,0.971647
0.9,0.7,0,0.880303,0.116688,0.583214
0.9,0.7,0.1,0.873444,0.142196,0.659817
0.9,0.7,0.2,0.866252,0.172192,0.728886
0.9,0.7,0.3,0.858718,0.206989,0.788429
0.9,0.7,0.4,0.850832,0.246722,0.837804
0.9,0.7,0.5,0.842586,0.291281,0.877448
0.9,0.7,0.6,0.833974,0.340252,0.90846
0.9,0.7,0.7,0.824989,0.392892,0.932231
0.9,0.7,0.8,0.815625,0.448145,0.950168
0.9,0.7,0.9,0.805877,0.504707,0.963543
0.9,0.7,1,0.795743,0.56115,0.973428
0.9,0.8,0,0.900402,0.109075,0.599334
0.9,0.8,0.1,0.894557,0.13317,0.674627
0.9,0.8,0.2,0.888412,0.16162,0.741866
0.9,0.8,0.3,0.881956,0.194784,0.799342
0.9,0.8,0.4,0.875178,0.232862,0.846666
0.9,0.8,0.5,0.86807,0.275834,0.884443
0.9,0.8,0.6,0.860621,0.323394,0.913859
0.9,0.8,0.7,0.852823,0.374908,0.936326
0.9,0.8,0.8,0.844668,0.429419,0.953233
0.9,0.8,0.9,0.836148,0.485699,0.965815
0.9,0.8,1,0.827256,0.542343,0.9751
0.9,0.9,0,0.917443,0.101902,0.615242
0.9,0.9,0.1,0.912501,0.124633,0.689097
0.9,0.9,0.2,0.907293,0.151579,0.754434
0.9,0.9,0.3,0.901808,0.183132,0.809829
0.9,0.9,0.4,0.896036,0.219554,0.855128
0.9,0.9,0.5,0.889967,0.260905,0.891088
0.9,0.9,0.6,0.883588,0.306981,0.918967
0.9,0.9,0.7,0.876892,0.357261,0.940189
0.9,0.9,0.8,0.869867,0.410894,0.956119
0.9,0.9,0.9,0.862503,0.466732,0.967951
0.9,0.9,1,0.854793,0.523415,0.97667
0.9,1,0,0.931789,0.0951495,0.630907
0.9,1,0.1,0.927638,0.11657,0.703206
0.9,1,0.2,0.923255,0.142056,0.766582
0.9,1,0.3,0.91863,0.172028,0.819891
0.9,1,0.4,0.913753,0.206801,0.863198
0.9,1,0.5,0.908612,0.246509,0.897395
0.9,1,0.6,0.903197,0.291044,0.923798
0.9,1,0.7,0.897497,0.339994,0.943832
0.9,1,0.8,0.891502,0.392618,0.958834
0.9,1,0.9,0.885202,0.44786,0.969957
0.9,1,1,0.878585,0.50442,0.978142
1,0,0,0.695508,0.185005,0.462642
1,0,0.1,0.681888,0.221698,0.544083
1,0,0.2,0.667948,0.263317,0.623232
1,0,0.3,0.653708,0.309641,0.696311
1,0,0.4,0.639188,0.36013,0.760658
1,0,0.5,0.624408,0.413916,0.814994
1,0,0.6,0.609393,0.469837,0.859276
1,0,0.7,0.594167,0.526525,0.894333
1,0,0.8,0.578759,0.582538,0.921456
1,0,0.9,0.563195,0.636499,0.942067
1,0,1,0.547506,0.68723,0.957519
1,0.1,0,0.737381,0.173812,0.479262
1,0.1,0.1,0.724892,0.208854,0.560576
1,0.1,0.2,0.712042,0.248832,0.638763
1,0.1,0.3,0.69884,0.293624,0.71023
1,0.1,0.4,0.685301,0.342798,0.772591
1,0.1,0.5,0.671439,0.395596,0.824842
1,0.1,0.6,0.657272,0.450946,0.867151
1,0.1,0.7,0.642819,0.507537,0.900474
1,0.1,0.8,0.628101,0.563936,0.92615
1,0.1,0.9,0.613142,0.618727,0.945602
1,0.1,1,0.597967,0.670655,0.960151
1,0.2,0,0.775355,0.16316,0.495928
1,0.2,0.1,0.764094,0.196565,0.576937
1,0.2,0.2,0.75245,0.23489,0.654009
1,0.2,0.3,0.740425,0.278101,0.723764
1,0.2,0.4,0.728028,0.325875,0.784098
1,0.2,0.5,0.715266,0.377564,0.834272
1,0.2,0.6,0.702151,0.432195,0.87465
1,0.2,0.7,0.688694,0.488527,0.906295
1,0.2,0.8,0.674911,0.545152,0.930585
1,0.2,0.9,0.660818,0.600632,0.948933
1,0.2,1,0.646434,0.653645,0.962627
1,0.3,0,0.809259,0.153041,0.512602
1,0.3,0.1,0.799257,0.184832,0.59313
1,0.3,0.2,0.788869,0.221499,0.668946
1,0.3,0.3,0.778092,0.263094,0.7369
1,0.3,0.4,0.766927,0.309395,0.795177
1,0.3,0.5,0.755377,0.359865,0.843291
1,0.3,0.6,0.743447,0.413637,0.881783
1,0.3,0.7,0.731141,0.46955,0.911809
1,0.3,0.8,0.718469,0.526238,0.934772
1,0.3,0.9,0.70544,0.582258,0.952071
1,0.3,1,0.692067,0.636233,0.964954
1,0.4,0,0.839107,0.143441,0.529249
1,0.4,0.1,0.830343,0.173647,0.609124
1,0.4,0.2,0.821203,0.208664,0.683549
1,0.4,0.3,0.811683,0.248617,0.749628
1,0.4,0.4,0.801777,0.293385,0.805829
1,0.4,0.5,0.791485,0.342539,0.851906
1,0.4,0.6,0.780804,0.395321,0.888561
1,0.4,0.7,0.769736,0.450661,0.917028
1,0.4,0.8,0.758281,0.507249,0.938724
1,0.4,0.9,0.746445,0.563653,0.955025
1,0.4,1,0.734232,0.618456,0.967141
1,0.5,0,0.865064,0.134348,0.545831
1,0.5,0.1,0.857473,0.163003,0.624886
1,0.5,0.2,0.84953,0.196384,0.697799
1,0.5,0.3,0.841226,0.234684,0.761939
1,0.5,0.4,0.832554,0.27787,0.816054
1,0.5,0.5,0.823508,0.325623,0.860126
1,0.5,0.6,0.814083,0.377294,0.894998
1,0.5,0.7,0.804273,0.431913,0.921964
1,0.5,0.8,0.794077,0.48824,0.942451
1,0.5,0.9,0.783493,0.544866,0.957805
1,0.5,1,0.772521,0.600356,0.969197
1,0.6,0,0.887395,0.125747,0.562312
1,0.6,0.1,0.880887,0.152892,0.640388
1,0.6,0.2,0.874057,0.184658,0.711678
1,0.6,0.3,0.866895,0.221301,0.773827
1,0.6,0.4,0.859391,0.262871,0.825858
1,0.6,0.5,0.851536,0.309149,0.867961
1,0.6,0.6,0.843323,0.3596,0.901104
1,0.6,0.7,0.834743,0.413358,0.926631
1,0.6,0.8,0.82579,0.469264,0.945964
1,0.6,0.9,0.816459,0.525952,0.96042
1,0.6,1,0.806745,0.581978,0.971127
1,0.7,0,0.90643,0.117621,0.578656
1,0.7,0.1,0.9009,0.1433,0.655603
1,0.7,0.2,0.89508,0.173482,0.725171
1,0.7,0.3,0.888962,0.208474,0.785289
1,0.7,0.4,0.882533,0.248403,0.835244
1,0.7,0.5,0.875784,0.293147,0.87542
1,0.7,0.6,0.868705,0.34228,0.906892
1,0.7,0.7,0.861287,0.395046,0.931039
1,0.7,0.8,0.85352,0.450376,0.949274
1,0.7,0.9,0.845396,0.506962,0.96288
1,0.7,1,0.836908,0.56337,0.97294
1,0.8,0,0.922528,0.109955,0.59483
1,0.8,0.1,0.917863,0.134214,0.670505
1,0.8,0.2,0.912944,0.162846,0.738265
1,0.8,0.3,0.907759,0.196203,0.796323
1,0.8,0.4,0.9023,0.234477,0.84422
1,0.8,0.5,0.896553,0.27764,0.882516
1,0.8,0.6,0.89051,0.32537,0.912374
1,0.8,0.7,0.884159,0.377024,0.935201
1,0.8,0.8,0.877491,0.431631,0.952392
1,0.8,0.9,0.870495,0.487952,0.965192
1,0.8,1,0.863161,0.544581,0.974642
1,0.9,0,0.936052,0.10273,0.610801
1,0.9,0.1,0.932142,0.12562,0.685072
1,0.9,0.2,0.92801,0.152743,0.750949
1,0.9,0.3,0.923648,0.184485,0.806929
1,0.9,0.4,0.919045,0.221103,0.852793
1,0.9,0.5,0.91419,0.262648,0.889258
1,0.9,0.6,0.909072,0.308904,0.917562
1,0.9,0.7,0.903682,0.359335,0.939128
1,0.9,0.8,0.898008,0.413079,0.955327
1,0.9,0.9,0.892039,0.468977,0.967365
1,0.9,1,0.885766,0.525665,0.976239
1,1,0,0.94735,0.095929,0.626537
1,1,0.1,0.944089,0.117502,0.699284
1,1,0.2,0.940639,0.143159,0.763216
1,1,0.3,0.93699,0.173317,0.81711
1,1,0.4,0.933133,0.208284,0.860972
1,1,0.5,0.929057,0.248188,0.895658
1,1,0.6,0.924754,0.292908,0.92247
1,1,0.7,0.920211,0.342021,0.942832
1,1,0.8,0.91542,0.394771,0.958089
1,1,0.9,0.910368,0.450092,0.969406
1,1,1,0.905047,0.506675,0.977739
