angle,angular error,linear error,left speed,right speed,extension
0,0,0,0,0,1.304
0,0,0.1,0,0,1.2015
0,0,0.2,0,0,1.099
0,0,0.3,0,0,0.9965
0,0,0.4,0,0,0.894
0,0,0.5,0,0,0.7915
0,0,0.6,0,0,0.689
0,0,0.7,0,0,0.5865
0,0,0.8,0,0,0.484
0,0,0.9,0,0,0.3815
0,0,1,0,0,0.279
0,0.1,0,0,0,1.4041
0,0.1,0.1,0,0,1.3016
0,0.1,0.2,0,0,1.1991
0,0.1,0.3,0,0,1.0966
0,0.1,0.4,0,0,0.9941
0,0.1,0.5,0,0,0.8916
0,0.1,0.6,0,0,0.7891
0,0.1,0.7,0,0,0.6866
0,0.1,0.8,0,0,0.5841
0,0.1,0.9,0,0,0.4816
0,0.1,1,0,0,0.3791
0,0.2,0,0,0,1.5042
0,0.2,0.1,0,0,1.4017
0,0.2,0.2,0,0,1.2992
0,0.2,0.3,0,0,1.1967
0,0.2,0.4,0,0,1.0942
0,0.2,0.5,0,0,0.9917
0,0.2,0.6,0,0,0.8892
0,0.2,0.7,0,0,0.7867
0,0.2,0.8,0,0,0.6842
0,0.2,0.9,0,0,0.5817
0,0.2,1,0,0,0.4792
0,0.3,0,0,0,1.6043
0,0.3,0.1,0,0,1.5018
0,0.3,0.2,0,0,1.3993
0,0.3,0.3,0,0,1.2968
0,0.3,0.4,0,0,1.1943
0,0.3,0.5,0,0,1.0918
0,0.3,0.6,0,0,0.9893
0,0.3,0.7,0,0,0.8868
0,0.3,0.8,0,0,0.7843
0,0.3,0.9,0,0,0.6818
0,0.3,1,0,0,0.5793
0,0.4,0,0,0,1.7044
0,0.4,0.1,0,0,1.6019
0,0.4,0.2,0,0,1.4994
0,0.4,0.3,0,0,1.3969
0,0.4,0.4,0,0,1.2944
0,0.4,0.5,0,0,1.1919
0,0.4,0.6,0,0,1.0894
0,0.4,0.7,0,0,0.9869
0,0.4,0.8,0,0,0.8844
0,0.4,0.9,0,0,0.7819
0,0.4,1,0,0,0.6794
0,0.5,0,0,0,1.8045
0,0.5,0.1,0,0,1.702
0,0.5,0.2,0,0,1.5995
0,0.5,0.3,0,0,1.497
0,0.5,0.4,0,0,1.3945
0,0.5,0.5,0,0,1.292
0,0.5,0.6,0,0,1.1895
0,0.5,0.7,0,0,1.087
0,0.5,0.8,0,0,0.9845
0,0.5,0.9,0,0,0.882
0,0.5,1,0,0,0.7795
0,0.6,0,0,0,1.9046
0,0.6,0.1,0,0,1.8021
0,0.6,0.2,0,0,1.6996
0,0.6,0.3,0,0,1.5971
0,0.6,0.4,0,0,1.4946
0,0.6,0.5,0,0,1.3921
0,0.6,0.6,0,0,1.2896
0,0.6,0.7,0,0,1.1871
0,0.6,0.8,0,0,1.0846
0,0.6,0.9,0,0,0.9821
0,0.6,1,0,0,0.8796
0,0.7,0,0,0,2.0047
0,0.7,0.1,0,0,1.9022
0,0.7,0.2,0,0,1.7997
0,0.7,0.3,0,0,1.6972
0,0.7,0.4,0,0,1.5947
0,0.7,0.5,0,0,1.4922
0,0.7,0.6,0,0,1.3897
0,0.7,0.7,0,0,1.2872
0,0.7,0.8,0,0,1.1847
0,0.7,0.9,0,0,1.0822
0,0.7,1,0,0,0.9797
0,0.8,0,0,0,2.1048
0,0.8,0.1,0,0,2.0023
0,0.8,0.2,0,0,1.8998
0,0.8,0.3,0,0,1.7973
0,0.8,0.4,0,0,1.6948
0,0.8,0.5,0,0,1.5923
0,0.8,0.6,0,0,1.4898
0,0.8,0.7,0,0,1.3873
0,0.8,0.8,0,0,1.2848
0,0.8,0.9,0,0,1.1823
0,0.8,1,0,0,1.0798
0,0.9,0,0,0,2.2049
0,0.9,0.1,0,0,2.1024
0,0.9,0.2,0,0,1.9999
0,0.9,0.3,0,0,1.8974
0,0.9,0.4,0,0,1.7949
0,0.9,0.5,0,0,1.6924
0,0.9,0.6,0,0,1.5899
0,0.9,0.7,0,0,1.4874
0,0.9,0.8,0,0,1.3849
0,0.9,0.9,0,0,1.2824
0,0.9,1,0,0,1.1799
0,1,0,0,0,2.305
0,1,0.1,0,0,2.2025
0,1,0.2,0,0,2.1
0,1,0.3,0,0,1.9975
0,1,0.4,0,0,1.895
0,1,0.5,0,0,1.7925
0,1,0.6,0,0,1.69
0,1,0.7,0,0,1.5875
0,1,0.8,0,0,1.485
0,1,0.9,0,0,1.3825
0,1,1,0,0,1.28
0.1,0,0,0.335769,0,2.46545
0.1,0,0.1,0.311669,0,2.36295
0.1,0,0.2,0.287569,0,2.26045
0.1,0,0.3,0.263469,0,2.15795
0.1,0,0.4,0.239369,0,2.05545
0.1,0,0.5,0.215269,0,1.95295
0.1,0,0.6,0.191169,0,1.85045
0.1,0,0.7,0.167069,0,1.74795
0.1,0,0.8,0.142969,0,1.64545
0.1,0,0.9,0.118869,0,1.54295
0.1,0,1,0.0947689,0,1.44045
0.1,0.1,0,0.213269,0,2.56555
0.1,0.1,0.1,0.189169,0,2.46305
0.1,0.1,0.2,0.165069,0,2.36055
0.1,0.1,0.3,0.140969,0,2.25805
0.1,0.1,0.4,0.116869,0,2.15555
0.1,0.1,0.5,0.0927689,0,2.05305
0.1,0.1,0.6,0.0686689,0,1.95055
0.1,0.1,0.7,0.0445689,0,1.84805
0.1,0.1,0.8,0.0204689,0,1.74555
0.1,0.1,0.9,0,0,1.64305
0.1,0.1,1,0,0,1.54055
0.1,0.2,0,0.0907689,0,2.66565
0.1,0.2,0.1,0.0666689,0,2.56315
0.1,0.2,0.2,0.0425689,0,2.46065
0.1,0.2,0.3,0.0184689,0,2.35815
0.1,0.2,0.4,0,0,2.25565
0.1,0.2,0.5,0,0,2.15315
0.1,0.2,0.6,0,0,2.05065
0.1,0.2,0.7,0,0,1.94815
0.1,0.2,0.8,0,0,1.84565
0.1,0.2,0.9,0,0,1.74315
0.1,0.2,1,0,0,1.64065
0.1,0.3,0,0,0,2.76575
0.1,0.3,0.1,0,0,2.66325
0.1,0.3,0.2,0,0,2.56075
0.1,0.3,0.3,0,0,2.45825
0.1,0.3,0.4,0,0,2.35575
0.1,0.3,0.5,0,0,2.25325
0.1,0.3,0.6,0,0,2.15075
0.1,0.3,0.7,0,0,2.04825
0.1,0.3,0.8,0,0,1.94575
0.1,0.3,0.9,0,0,1.84325
0.1,0.3,1,0,0,1.74075
0.1,0.4,0,0,0,2.86585
0.1,0.4,0.1,0,0,2.76335
0.1,0.4,0.2,0,0,2.66085
0.1,0.4,0.3,0,0,2.55835
0.1,0.4,0.4,0,0,2.45585
0.1,0.4,0.5,0,0,2.35335
0.1,0.4,0.6,0,0,2.25085
0.1,0.4,0.7,0,0,2.14835
0.1,0.4,0.8,0,0,2.04585
0.1,0.4,0.9,0,0,1.94335
0.1,0.4,1,0,0,1.84085
0.1,0.5,0,0,0,2.96595
0.1,0.5,0.1,0,0,2.86345
0.1,0.5,0.2,0,0,2.76095
0.1,0.5,0.3,0,0,2.65845
0.1,0.5,0.4,0,0,2.55595
0.1,0.5,0.5,0,0,2.45345
0.1,0.5,0.6,0,0,2.35095
0.1,0.5,0.7,0,0,2.24845
0.1,0.5,0.8,0,0,2.14595
0.1,0.5,0.9,0,0,2.04345
0.1,0.5,1,0,0,1.94095
0.1,0.6,0,0,0,3.06605
0.1,0.6,0.1,0,0,2.96355
0.1,0.6,0.2,0,0,2.86105
0.1,0.6,0.3,0,0,2.75855
0.1,0.6,0.4,0,0,2.65605
0.1,0.6,0.5,0,0,2.55355
0.1,0.6,0.6,0,0,2.45105
0.1,0.6,0.7,0,0,2.34855
0.1,0.6,0.8,0,0,2.24605
0.1,0.6,0.9,0,0,2.14355
0.1,0.6,1,0,0,2.04105
0.1,0.7,0,0,0,3.16615
0.1,0.7,0.1,0,0,3.06365
0.1,0.7,0.2,0,0,2.96115
0.1,0.7,0.3,0,0,2.85865
0.1,0.7,0.4,0,0,2.75615
0.1,0.7,0.5,0,0,2.65365
0.1,0.7,0.6,0,0,2.55115
0.1,0.7,0.7,0,0,2.44865
0.1,0.7,0.8,0,0,2.34615
0.1,0.7,0.9,0,0,2.24365
0.1,0.7,1,0,0,2.14115
0.1,0.8,0,0,0,3.26625
0.1,0.8,0.1,0,0,3.16375
0.1,0.8,0.2,0,0,3.06125
0.1,0.8,0.3,0,0,2.95875
0.1,0.8,0.4,0,0,2.85625
0.1,0.8,0.5,0,0,2.75375
0.1,0.8,0.6,0,0,2.65125
0.1,0.8,0.7,0,0,2.54875
0.1,0.8,0.8,0,0,2.44625
0.1,0.8,0.9,0,0,2.34375
0.1,0.8,1,0,0,2.24125
0.1,0.9,0,0,0,3.36635
0.1,0.9,0.1,0,0,3.26385
0.1,0.9,0.2,0,0,3.16135
0.1,0.9,0.3,0,0,3.05885
0.1,0.9,0.4,0,0,2.95635
0.1,0.9,0.5,0,0,2.85385
0.1,0.9,0.6,0,0,2.75135
0.1,0.9,0.7,0,0,2.64885
0.1,0.9,0.8,0,0,2.54635
0.1,0.9,0.9,0,0,2.44385
0.1,0.9,1,0,0,2.34135
0.1,1,0,0,0,3.46645
0.1,1,0.1,0,0,3.36395
0.1,1,0.2,0,0,3.26145
0.1,1,0.3,0,0,3.15895
0.1,1,0.4,0,0,3.05645
0.1,1,0.5,0,0,2.95395
0.1,1,0.6,0,0,2.85145
0.1,1,0.7,0,0,2.74895
0.1,1,0.8,0,0,2.64645
0.1,1,0.9,0,0,2.54395
0.1,1,1,0,0,2.44145
0.2,0,0,1.12274,0,3.62689
0.2,0,0.1,1.09864,0,3.52439
0.2,0,0.2,1.07454,0,3.42189
0.2,0,0.3,1.05044,0,3.31939
0.2,0,0.4,1.02634,0,3.21689
0.2,0,0.5,1.00224,0,3.11439
0.2,0,0.6,0.978138,0,3.01189
0.2,0,0.7,0.954038,0,2.90939
0.2,0,0.8,0.929938,0,2.80689
0.2,0,0.9,0.905838,0,2.70439
0.2,0,1,0.881738,0,2.60189
0.2,0.1,0,1.00024,0,3.72699
0.2,0.1,0.1,0.976138,0,3.62449
0.2,0.1,0.2,0.952038,0,3.52199
0.2,0.1,0.3,0.927938,0,3.41949
0.2,0.1,0.4,0.903838,0,3.31699
0.2,0.1,0.5,0.879738,0,3.21449
0.2,0.1,0.6,0.855638,0,3.11199
0.2,0.1,0.7,0.831538,0,3.00949
0.2,0.1,0.8,0.807438,0,2.90699
0.2,0.1,0.9,0.783338,0,2.80449
0.2,0.1,1,0.759238,0,2.70199
0.2,0.2,0,0.877738,0,3.82709
0.2,0.2,0.1,0.853638,0,3.72459
0.2,0.2,0.2,0.829538,0,3.62209
0.2,0.2,0.3,0.805438,0,3.51959
0.2,0.2,0.4,0.781338,0,3.41709
0.2,0.2,0.5,0.757238,0,3.31459
0.2,0.2,0.6,0.733138,0,3.21209
0.2,0.2,0.7,0.709038,0,3.10959
0.2,0.2,0.8,0.684938,0,3.00709
0.2,0.2,0.9,0.660838,0,2.90459
0.2,0.2,1,0.636738,0,2.80209
0.2,0.3,0,0.755238,0,3.92719
0.2,0.3,0.1,0.731138,0,3.82469
0.2,0.3,0.2,0.707038,0,3.72219
0.2,0.3,0.3,0.682938,0,3.61969
0.2,0.3,0.4,0.658838,0,3.51719
0.2,0.3,0.5,0.634738,0,3.41469
0.2,0.3,0.6,0.610638,0,3.31219
0.2,0.3,0.7,0.586538,0,3.20969
0.2,0.3,0.8,0.562438,0,3.10719
0.2,0.3,0.9,0.538338,0,3.00469
0.2,0.3,1,0.514238,0,2.90219
0.2,0.4,0,0.632738,0,4.02729
0.2,0.4,0.1,0.608638,0,3.92479
0.2,0.4,0.2,0.584538,0,3.82229
0.2,0.4,0.3,0.560438,0,3.71979
0.2,0.4,0.4,0.536338,0,3.61729
0.2,0.4,0.5,0.512238,0,3.51479
0.2,0.4,0.6,0.488138,0,3.41229
0.2,0.4,0.7,0.464038,0,3.30979
0.2,0.4,0.8,0.439938,0,3.20729
0.2,0.4,0.9,0.415838,0,3.10479
0.2,0.4,1,0.391738,0,3.00229
0.2,0.5,0,0.510238,0,4.12739
0.2,0.5,0.1,0.486138,0,4.02489
0.2,0.5,0.2,0.462038,0,3.92239
0.2,0.5,0.3,0.437938,0,3.81989
0.2,0.5,0.4,0.413838,0,3.71739
0.2,0.5,0.5,0.389738,0,3.61489
0.2,0.5,0.6,0.365638,0,3.51239
0.2,0.5,0.7,0.341538,0,3.40989
0.2,0.5,0.8,0.317438,0,3.30739
0.2,0.5,0.9,0.293338,0,3.20489
0.2,0.5,1,0.269238,0,3.10239
0.2,0.6,0,0.387738,0,4.22749
0.2,0.6,0.1,0.363638,0,4.12499
0.2,0.6,0.2,0.339538,0,4.02249
0.2,0.6,0.3,0.315438,0,3.91999
0.2,0.6,0.4,0.291338,0,3.81749
0.2,0.6,0.5,0.267238,0,3.71499
0.2,0.6,0.6,0.243138,0,3.61249
0.2,0.6,0.7,0.219038,0,3.50999
0.2,0.6,0.8,0.194938,0,3.40749
0.2,0.6,0.9,0.170838,0,3.30499
0.2,0.6,1,0.146738,0,3.20249
0.2,0.7,0,0.265238,0,4.32759
0.2,0.7,0.1,0.241138,0,4.22509
0.2,0.7,0.2,0.217038,0,4.12259
0.2,0.7,0.3,0.192938,0,4.02009
0.2,0.7,0.4,0.168838,0,3.91759
0.2,0.7,0.5,0.144738,0,3.81509
0.2,0.7,0.6,0.120638,0,3.71259
0.2,0.7,0.7,0.0965379,0,3.61009
0.2,0.7,0.8,0.0724379,0,3.50759
0.2,0.7,0.9,0.0483379,0,3.40509
0.2,0.7,1,0.0242379,0,3.30259
0.2,0.8,0,0.142738,0,4.42769
0.2,0.8,0.1,0.118638,0,4.32519
0.2,0.8,0.2,0.0945379,0,4.22269
0.2,0.8,0.3,0.0704379,0,4.12019
0.2,0.8,0.4,0.0463379,0,4.01769
0.2,0.8,0.5,0.0222379,0,3.91519
0.2,0.8,0.6,0,0,3.81269
0.2,0.8,0.7,0,0,3.71019
0.2,0.8,0.8,0,0,3.60769
0.2,0.8,0.9,0,0,3.50519
0.2,0.8,1,0,0,3.40269
0.2,0.9,0,0.0202379,0,4.52779
0.2,0.9,0.1,0,0,4.42529
0.2,0.9,0.2,0,0,4.32279
0.2,0.9,0.3,0,0,4.22029
0.2,0.9,0.4,0,0,4.11779
0.2,0.9,0.5,0,0,4.01529
0.2,0.9,0.6,0,0,3.91279
0.2,0.9,0.7,0,0,3.81029
0.2,0.9,0.8,0,0,3.70779
0.2,0.9,0.9,0,0,3.60529
0.2,0.9,1,0,0,3.50279
0.2,1,0,0,0,4.62789
0.2,1,0.1,0,0,4.52539
0.2,1,0.2,0,0,4.42289
0.2,1,0.3,0,0,4.32039
0.2,1,0.4,0,0,4.21789
0.2,1,0.5,0,0,4.11539
0.2,1,0.6,0,0,4.01289
0.2,1,0.7,0,0,3.91039
0.2,1,0.8,0,0,3.80789
0.2,1,0.9,0,0,3.70539
0.2,1,1,0,0,3.60289
0.3,0,0,1.90971,0,4.78834
0.3,0,0.1,1.88561,0,4.68584
0.3,0,0.2,1.86151,0,4.58334
0.3,0,0.3,1.83741,0,4.48084
0.3,0,0.4,1.81331,0,4.37834
0.3,0,0.5,1.78921,0,4.27584
0.3,0,0.6,1.76511,0,4.17334
0.3,0,0.7,1.74101,0,4.07084
0.3,0,0.8,1.71691,0,3.96834
0.3,0,0.9,1.69281,0,3.86584
0.3,0,1,1.66871,0,3.76334
0.3,0.1,0,1.78721,0,4.88844
0.3,0.1,0.1,1.76311,0,4.78594
0.3,0.1,0.2,1.73901,0,4.68344
0.3,0.1,0.3,1.71491,0,4.58094
0.3,0.1,0.4,1.69081,0,4.47844
0.3,0.1,0.5,1.66671,0,4.37594
0.3,0.1,0.6,1.64261,0,4.27344
0.3,0.1,0.7,1.61851,0,4.17094
0.3,0.1,0.8,1.59441,0,4.06844
0.3,0.1,0.9,1.57031,0,3.96594
0.3,0.1,1,1.54621,0,3.86344
0.3,0.2,0,1.66471,0,4.98854
0.3,0.2,0.1,1.64061,0,4.88604
0.3,0.2,0.2,1.61651,0,4.78354
0.3,0.2,0.3,1.59241,0,4.68104
0.3,0.2,0.4,1.56831,0,4.57854
0.3,0.2,0.5,1.54421,0,4.47604
0.3,0.2,0.6,1.52011,0,4.37354
0.3,0.2,0.7,1.49601,0,4.27104
0.3,0.2,0.8,1.47191,0,4.16854
0.3,0.2,0.9,1.44781,0,4.06604
0.3,0.2,1,1.42371,0,3.96354
0.3,0.3,0,1.54221,0,5.08864
0.3,0.3,0.1,1.51811,0,4.98614
0.3,0.3,0.2,1.49401,0,4.88364
0.3,0.3,0.3,1.46991,0,4.78114
0.3,0.3,0.4,1.44581,0,4.67864
0.3,0.3,0.5,1.42171,0,4.57614
0.3,0.3,0.6,1.39761,0,4.47364
0.3,0.3,0.7,1.37351,0,4.37114
0.3,0.3,0.8,1.34941,0,4.26864
0.3,0.3,0.9,1.32531,0,4.16614
0.3,0.3,1,1.30121,0,4.06364
0.3,0.4,0,1.41971,0,5.18874
0.3,0.4,0.1,1.39561,0,5.08624
0.3,0.4,0.2,1.37151,0,4.98374
0.3,0.4,0.3,1.34741,0,4.88124
0.3,0.4,0.4,1.32331,0,4.77874
0.3,0.4,0.5,1.29921,0,4.67624
0.3,0.4,0.6,1.27511,0,4.57374
0.3,0.4,0.7,1.25101,0,4.47124
0.3,0.4,0.8,1.22691,0,4.36874
0.3,0.4,0.9,1.20281,0,4.26624
0.3,0.4,1,1.17871,0,4.16374
0.3,0.5,0,1.29721,0,5.28884
0.3,0.5,0.1,1.27311,0,5.18634
0.3,0.5,0.2,1.24901,0,5.08384
0.3,0.5,0.3,1.22491,0,4.98134
0.3,0.5,0.4,1.20081,0,4.87884
0.3,0.5,0.5,1.17671,0,4.77634
0.3,0.5,0.6,1.15261,0,4.67384
0.3,0.5,0.7,1.12851,0,4.57134
0.3,0.5,0.8,1.10441,0,4.46884
0.3,0.5,0.9,1.08031,0,4.36634
0.3,0.5,1,1.05621,0,4.26384
0.3,0.6,0,1.17471,0,5.38894
0.3,0.6,0.1,1.15061,0,5.28644
0.3,0.6,0.2,1.12651,0,5.18394
0.3,0.6,0.3,1.10241,0,5.08144
0.3,0.6,0.4,1.07831,0,4.97894
0.3,0.6,0.5,1.05421,0,4.87644
0.3,0.6,0.6,1.03011,0,4.77394
0.3,0.6,0.7,1.00601,0,4.67144
0.3,0.6,0.8,0.981907,0,4.56894
0.3,0.6,0.9,0.957807,0,4.46644
0.3,0.6,1,0.933707,0,4.36394
0.3,0.7,0,1.05221,0,5.48904
0.3,0.7,0.1,1.02811,0,5.38654
0.3,0.7,0.2,1.00401,0,5.28404
0.3,0.7,0.3,0.979907,0,5.18154
0.3,0.7,0.4,0.955807,0,5.07904
0.3,0.7,0.5,0.931707,0,4.97654
0.3,0.7,0.6,0.907607,0,4.87404
0.3,0.7,0.7,0.883507,0,4.77154
0.3,0.7,0.8,0.859407,0,4.66904
0.3,0.7,0.9,0.835307,0,4.56654
0.3,0.7,1,0.811207,0,4.46404
0.3,0.8,0,0.929707,0,5.58914
0.3,0.8,0.1,0.905607,0,5.48664
0.3,0.8,0.2,0.881507,0,5.38414
0.3,0.8,0.3,0.857407,0,5.28164
0.3,0.8,0.4,0.833307,0,5.17914
0.3,0.8,0.5,0.809207,0,5.07664
0.3,0.8,0.6,0.785107,0,4.97414
0.3,0.8,0.7,0.761007,0,4.87164
0.3,0.8,0.8,0.736907,0,4.76914
0.3,0.8,0.9,0.712807,0,4.66664
0.3,0.8,1,0.688707,0,4.56414
0.3,0.9,0,0.807207,0,5.68924
0.3,0.9,0.1,0.783107,0,5.58674
0.3,0.9,0.2,0.759007,0,5.48424
0.3,0.9,0.3,0.734907,0,5.38174
0.3,0.9,0.4,0.710807,0,5.27924
0.3,0.9,0.5,0.686707,0,5.17674
0.3,0.9,0.6,0.662607,0,5.07424
0.3,0.9,0.7,0.638507,0,4.97174
0.3,0.9,0.8,0.614407,0,4.86924
0.3,0.9,0.9,0.590307,0,4.76674
0.3,0.9,1,0.566207,0,4.66424
0.3,1,0,0.684707,0,5.78934
0.3,1,0.1,0.660607,0,5.68684
0.3,1,0.2,0.636507,0,5.58434
0.3,1,0.3,0.612407,0,5.48184
0.3,1,0.4,0.588307,0,5.37934
0.3,1,0.5,0.564207,0,5.27684
0.3,1,0.6,0.540107,0,5.17434
0.3,1,0.7,0.516007,0,5.07184
0.3,1,0.8,0.491907,0,4.96934
0.3,1,0.9,0.467807,0,4.86684
0.3,1,1,0.443707,0,4.76434
0.4,0,0,2.69668,0,5.94979
0.4,0,0.1,2.67258,0,5.84729
0.4,0,0.2,2.64848,0,5.74479
0.4,0,0.3,2.62438,0,5.64229
0.4,0,0.4,2.60028,0,5.53979
0.4,0,0.5,2.57618,0,5.43729
0.4,0,0.6,2.55208,0,5.33479
0.4,0,0.7,2.52798,0,5.23229
0.4,0,0.8,2.50388,0,5.12979
0.4,0,0.9,2.47978,0,5.02729
0.4,0,1,2.45568,0,4.92479
0.4,0.1,0,2.57418,0,6.04989
0.4,0.1,0.1,2.55008,0,5.94739
0.4,0.1,0.2,2.52598,0,5.84489
0.4,0.1,0.3,2.50188,0,5.74239
0.4,0.1,0.4,2.47778,0,5.63989
0.4,0.1,0.5,2.45368,0,5.53739
0.4,0.1,0.6,2.42958,0,5.43489
0.4,0.1,0.7,2.40548,0,5.33239
0.4,0.1,0.8,2.38138,0,5.22989
0.4,0.1,0.9,2.35728,0,5.12739
0.4,0.1,1,2.33318,0,5.02489
0.4,0.2,0,2.45168,0,6.14999
0.4,0.2,0.1,2.42758,0,6.04749
0.4,0.2,0.2,2.40348,0,5.94499
0.4,0.2,0.3,2.37938,0,5.84249
0.4,0.2,0.4,2.35528,0,5.73999
0.4,0.2,0.5,2.33118,0,5.63749
0.4,0.2,0.6,2.30708,0,5.53499
0.4,0.2,0.7,2.28298,0,5.43249
0.4,0.2,0.8,2.25888,0,5.32999
0.4,0.2,0.9,2.23478,0,5.22749
0.4,0.2,1,2.21068,0,5.12499
0.4,0.3,0,2.32918,0,6.25009
0.4,0.3,0.1,2.30508,0,6.14759
0.4,0.3,0.2,2.28098,0,6.04509
0.4,0.3,0.3,2.25688,0,5.94259
0.4,0.3,0.4,2.23278,0,5.84009
0.4,0.3,0.5,2.20868,0,5.73759
0.4,0.3,0.6,2.18458,0,5.63509
0.4,0.3,0.7,2.16048,0,5.53259
0.4,0.3,0.8,2.13638,0,5.43009
0.4,0.3,0.9,2.11228,0,5.32759
0.4,0.3,1,2.08818,0,5.22509
0.4,0.4,0,2.20668,0,6.35019
0.4,0.4,0.1,2.18258,0,6.24769
0.4,0.4,0.2,2.15848,0,6.14519
0.4,0.4,0.3,2.13438,0,6.04269
0.4,0.4,0.4,2.11028,0,5.94019
0.4,0.4,0.5,2.08618,0,5.83769
0.4,0.4,0.6,2.06208,0,5.73519
0.4,0.4,0.7,2.03798,0,5.63269
0.4,0.4,0.8,2.01388,0,5.53019
0.4,0.4,0.9,1.98978,0,5.42769
0.4,0.4,1,1.96568,0,5.32519
0.4,0.5,0,2.08418,0,6.45029
0.4,0.5,0.1,2.06008,0,6.34779
0.4,0.5,0.2,2.03598,0,6.24529
0.4,0.5,0.3,2.01188,0,6.14279
0.4,0.5,0.4,1.98778,0,6.04029
0.4,0.5,0.5,1.96368,0,5.93779
0.4,0.5,0.6,1.93958,0,5.83529
0.4,0.5,0.7,1.91548,0,5.73279
0.4,0.5,0.8,1.89138,0,5.63029
0.4,0.5,0.9,1.86728,0,5.52779
0.4,0.5,1,1.84318,0,5.42529
0.4,0.6,0,1.96168,0,6.55039
0.4,0.6,0.1,1.93758,0,6.44789
0.4,0.6,0.2,1.91348,0,6.34539
0.4,0.6,0.3,1.88938,0,6.24289
0.4,0.6,0.4,1.86528,0,6.14039
0.4,0.6,0.5,1.84118,0,6.03789
0.4,0.6,0.6,1.81708,0,5.93539
0.4,0.6,0.7,1.79298,0,5.83289
0.4,0.6,0.8,1.76888,0,5.73039
0.4,0.6,0.9,1.74478,0,5.62789
0.4,0.6,1,1.72068,0,5.52539
0.4,0.7,0,1.83918,0,6.65049
0.4,0.7,0.1,1.81508,0,6.54799
0.4,0.7,0.2,1.79098,0,6.44549
0.4,0.7,0.3,1.76688,0,6.34299
0.4,0.7,0.4,1.74278,0,6.24049
0.4,0.7,0.5,1.71868,0,6.13799
0.4,0.7,0.6,1.69458,0,6.03549
0.4,0.7,0.7,1.67048,0,5.93299
0.4,0.7,0.8,1.64638,0,5.83049
0.4,0.7,0.9,1.62228,0,5.72799
0.4,0.7,1,1.59818,0,5.62549
0.4,0.8,0,1.71668,0,6.75059
0.4,0.8,0.1,1.69258,0,6.64809
0.4,0.8,0.2,1.66848,0,6.54559
0.4,0.8,0.3,1.64438,0,6.44309
0.4,0.8,0.4,1.62028,0,6.34059
0.4,0.8,0.5,1.59618,0,6.23809
0.4,0.8,0.6,1.57208,0,6.13559
0.4,0.8,0.7,1.54798,0,6.03309
0.4,0.8,0.8,1.52388,0,5.93059
0.4,0.8,0.9,1.49978,0,5.82809
0.4,0.8,1,1.47568,0,5.72559
0.4,0.9,0,1.59418,0,6.85069
0.4,0.9,0.1,1.57008,0,6.74819
0.4,0.9,0.2,1.54598,0,6.64569
0.4,0.9,0.3,1.52188,0,6.54319
0.4,0.9,0.4,1.49778,0,6.44069
0.4,0.9,0.5,1.47368,0,6.33819
0.4,0.9,0.6,1.44958,0,6.23569
0.4,0.9,0.7,1.42548,0,6.13319
0.4,0.9,0.8,1.40138,0,6.03069
0.4,0.9,0.9,1.37728,0,5.92819
0.4,0.9,1,1.35318,0,5.82569
0.4,1,0,1.47168,0,6.95079
0.4,1,0.1,1.44758,0,6.84829
0.4,1,0.2,1.42348,0,6.74579
0.4,1,0.3,1.39938,0,6.64329
0.4,1,0.4,1.37528,0,6.54079
0.4,1,0.5,1.35118,0,6.43829
0.4,1,0.6,1.32708,0,6.33579
0.4,1,0.7,1.30298,0,6.23329
0.4,1,0.8,1.27888,0,6.13079
0.4,1,0.9,1.25478,0,6.02829
0.4,1,1,1.23068,0,5.92579
0.5,0,0,3.48364,0,7.11123
0.5,0,0.1,3.45954,0,7.00873
0.5,0,0.2,3.43544,0,6.90623
0.5,0,0.3,3.41134,0,6.80373
0.5,0,0.4,3.38724,0,6.70123
0.5,0,0.5,3.36314,0,6.59873
0.5,0,0.6,3.33904,0,6.49623
0.5,0,0.7,3.31494,0,6.39373
0.5,0,0.8,3.29084,0,6.29123
0.5,0,0.9,3.26674,0,6.18873
0.5,0,1,3.24264,0,6.08623
0.5,0.1,0,3.36114,0,7.21133
0.5,0.1,0.1,3.33704,0,7.10883
0.5,0.1,0.2,3.31294,0,7.00633
0.5,0.1,0.3,3.28884,0,6.90383
0.5,0.1,0.4,3.26474,0,6.80133
0.5,0.1,0.5,3.24064,0,6.69883
0.5,0.1,0.6,3.21654,0,6.59633
0.5,0.1,0.7,3.19244,0,6.49383
0.5,0.1,0.8,3.16834,0,6.39133
0.5,0.1,0.9,3.14424,0,6.28883
0.5,0.1,1,3.12014,0,6.18633
0.5,0.2,0,3.23864,0,7.31143
0.5,0.2,0.1,3.21454,0,7.20893
0.5,0.2,0.2,3.19044,0,7.10643
0.5,0.2,0.3,3.16634,0,7.00393
0.5,0.2,0.4,3.14224,0,6.90143
0.5,0.2,0.5,3.11814,0,6.79893
0.5,0.2,0.6,3.09404,0,6.69643
0.5,0.2,0.7,3.06994,0,6.59393
0.5,0.2,0.8,3.04584,0,6.49143
0.5,0.2,0.9,3.02174,0,6.38893
0.5,0.2,1,2.99764,0,6.28643
0.5,0.3,0,3.11614,0,7.41153
0.5,0.3,0.1,3.09204,0,7.30903
0.5,0.3,0.2,3.06794,0,7.20653
0.5,0.3,0.3,3.04384,0,7.10403
0.5,0.3,0.4,3.01974,0,7.00153
0.5,0.3,0.5,2.99564,0,6.89903
0.5,0.3,0.6,2.97154,0,6.79653
0.5,0.3,0.7,2.94744,0,6.69403
0.5,0.3,0.8,2.92334,0,6.59153
0.5,0.3,0.9,2.89924,0,6.48903
0.5,0.3,1,2.87514,0,6.38653
0.5,0.4,0,2.99364,0,7.51163
0.5,0.4,0.1,2.96954,0,7.40913
0.5,0.4,0.2,2.94544,0,7.30663
0.5,0.4,0.3,2.92134,0,7.20413
0.5,0.4,0.4,2.89724,0,7.10163
0.5,0.4,0.5,2.87314,0,6.99913
0.5,0.4,0.6,2.84904,0,6.89663
0.5,0.4,0.7,2.82494,0,6.79413
0.5,0.4,0.8,2.80084,0,6.69163
0.5,0.4,0.9,2.77674,0,6.58913
0.5,0.4,1,2.75264,0,6.48663
0.5,0.5,0,2.87114,0,7.61173
0.5,0.5,0.1,2.84704,0,7.50923
0.5,0.5,0.2,2.82294,0,7.40673
0.5,0.5,0.3,2.79884,0,7.30423
0.5,0.5,0.4,2.77474,0,7.20173
0.5,0.5,0.5,2.75064,0,7.09923
0.5,0.5,0.6,2.72654,0,6.99673
0.5,0.5,0.7,2.70244,0,6.89423
0.5,0.5,0.8,2.67834,0,6.79173
0.5,0.5,0.9,2.65424,0,6.68923
0.5,0.5,1,2.63014,0,6.58673
0.5,0.6,0,2.74864,0,7.71183
0.5,0.6,0.1,2.72454,0,7.60933
0.5,0.6,0.2,2.70044,0,7.50683
0.5,0.6,0.3,2.67634,0,7.40433
0.5,0.6,0.4,2.65224,0,7.30183
0.5,0.6,0.5,2.62814,0,7.19933
0.5,0.6,0.6,2.60404,0,7.09683
0.5,0.6,0.7,2.57994,0,6.99433
0.5,0.6,0.8,2.55584,0,6.89183
0.5,0.6,0.9,2.53174,0,6.78933
0.5,0.6,1,2.50764,0,6.68683
0.5,0.7,0,2.62614,0,7.81193
0.5,0.7,0.1,2.60204,0,7.70943
0.5,0.7,0.2,2.57794,0,7.60693
0.5,0.7,0.3,2.55384,0,7.50443
0.5,0.7,0.4,2.52974,0,7.40193
0.5,0.7,0.5,2.50564,0,7.29943
0.5,0.7,0.6,2.48154,0,7.19693
0.5,0.7,0.7,2.45744,0,7.09443
0.5,0.7,0.8,2.43334,0,6.99193
0.5,0.7,0.9,2.40924,0,6.88943
0.5,0.7,1,2.38514,0,6.78693
0.5,0.8,0,2.50364,0,7.91203
0.5,0.8,0.1,2.47954,0,7.80953
0.5,0.8,0.2,2.45544,0,7.70703
0.5,0.8,0.3,2.43134,0,7.60453
0.5,0.8,0.4,2.40724,0,7.50203
0.5,0.8,0.5,2.38314,0,7.39953
0.5,0.8,0.6,2.35904,0,7.29703
0.5,0.8,0.7,2.33494,0,7.19453
0.5,0.8,0.8,2.31084,0,7.09203
0.5,0.8,0.9,2.28674,0,6.98953
0.5,0.8,1,2.26264,0,6.88703
0.5,0.9,0,2.38114,0,8.01213
0.5,0.9,0.1,2.35704,0,7.90963
0.5,0.9,0.2,2.33294,0,7.80713
0.5,0.9,0.3,2.30884,0,7.70463
0.5,0.9,0.4,2.28474,0,7.60213
0.5,0.9,0.5,2.26064,0,7.49963
0.5,0.9,0.6,2.23654,0,7.39713
0.5,0.9,0.7,2.21244,0,7.29463
0.5,0.9,0.8,2.18834,0,7.19213
0.5,0.9,0.9,2.16424,0,7.08963
0.5,0.9,1,2.14014,0,6.98713
0.5,1,0,2.25864,0,8.11223
0.5,1,0.1,2.23454,0,8.00973
0.5,1,0.2,2.21044,0,7.90723
0.5,1,0.3,2.18634,0,7.80473
0.5,1,0.4,2.16224,0,7.70223
0.5,1,0.5,2.13814,0,7.59973
0.5,1,0.6,2.11404,0,7.49723
0.5,1,0.7,2.08994,0,7.39473
0.5,1,0.8,2.06584,0,7.29223
0.5,1,0.9,2.04174,0,7.18973
0.5,1,1,2.01764,0,7.08723
0.6,0,0,4.27061,0,8.27268
0.6,0,0.1,4.24651,0,8.17018
0.6,0,0.2,4.22241,0,8.06768
0.6,0,0.3,4.19831,0,7.96518
0.6,0,0.4,4.17421,0,7.86268
0.6,0,0.5,4.15011,0,7.76018
0.6,0,0.6,4.12601,0,7.65768
0.6,0,0.7,4.10191,0,7.55518
0.6,0,0.8,4.07781,0,7.45268
0.6,0,0.9,4.05371,0,7.35018
0.6,0,1,4.02961,0,7.24768
0.6,0.1,0,4.14811,0,8.37278
0.6,0.1,0.1,4.12401,0,8.27028
0.6,0.1,0.2,4.09991,0,8.16778
0.6,0.1,0.3,4.07581,0,8.06528
0.6,0.1,0.4,4.05171,0,7.96278
0.6,0.1,0.5,4.02761,0,7.86028
0.6,0.1,0.6,4.00351,0,7.75778
0.6,0.1,0.7,3.97941,0,7.65528
0.6,0.1,0.8,3.95531,0,7.55278
0.6,0.1,0.9,3.93121,0,7.45028
0.6,0.1,1,3.90711,0,7.34778
0.6,0.2,0,4.02561,0,8.47288
0.6,0.2,0.1,4.00151,0,8.37038
0.6,0.2,0.2,3.97741,0,8.26788
0.6,0.2,0.3,3.95331,0,8.16538
0.6,0.2,0.4,3.92921,0,8.06288
0.6,0.2,0.5,3.90511,0,7.96038
0.6,0.2,0.6,3.88101,0,7.85788
0.6,0.2,0.7,3.85691,0,7.75538
0.6,0.2,0.8,3.83281,0,7.65288
0.6,0.2,0.9,3.80871,0,7.55038
0.6,0.2,1,3.78461,0,7.44788
0.6,0.3,0,3.90311,0,8.57298
0.6,0.3,0.1,3.87901,0,8.47048
0.6,0.3,0.2,3.85491,0,8.36798
0.6,0.3,0.3,3.83081,0,8.26548
0.6,0.3,0.4,3.80671,0,8.16298
0.6,0.3,0.5,3.78261,0,8.06048
0.6,0.3,0.6,3.75851,0,7.95798
0.6,0.3,0.7,3.73441,0,7.85548
0.6,0.3,0.8,3.71031,0,7.75298
0.6,0.3,0.9,3.68621,0,7.65048
0.6,0.3,1,3.66211,0,7.54798
0.6,0.4,0,3.78061,0,8.67308
0.6,0.4,0.1,3.75651,0,8.57058
0.6,0.4,0.2,3.73241,0,8.46808
0.6,0.4,0.3,3.70831,0,8.36558
0.6,0.4,0.4,3.68421,0,8.26308
0.6,0.4,0.5,3.66011,0,8.16058
0.6,0.4,0.6,3.63601,0,8.05808
0.6,0.4,0.7,3.61191,0,7.95558
0.6,0.4,0.8,3.58781,0,7.85308
0.6,0.4,0.9,3.56371,0,7.75058
0.6,0.4,1,3.53961,0,7.64808
0.6,0.5,0,3.65811,0,8.77318
0.6,0.5,0.1,3.63401,0,8.67068
0.6,0.5,0.2,3.60991,0,8.56818
0.6,0.5,0.3,3.58581,0,8.46568
0.6,0.5,0.4,3.56171,0,8.36318
0.6,0.5,0.5,3.53761,0,8.26068
0.6,0.5,0.6,3.51351,0,8.15818
0.6,0.5,0.7,3.48941,0,8.05568
0.6,0.5,0.8,3.46531,0,7.95318
0.6,0.5,0.9,3.44121,0,7.85068
0.6,0.5,1,3.41711,0,7.74818
0.6,0.6,0,3.53561,0,8.87328
0.6,0.6,0.1,3.51151,0,8.77078
0.6,0.6,0.2,3.48741,0,8.66828
0.6,0.6,0.3,3.46331,0,8.56578
0.6,0.6,0.4,3.43921,0,8.46328
0.6,0.6,0.5,3.41511,0,8.36078
0.6,0.6,0.6,3.39101,0,8.25828
0.6,0.6,0.7,3.36691,0,8.15578
0.6,0.6,0.8,3.34281,0,8.05328
0.6,0.6,0.9,3.31871,0,7.95078
0.6,0.6,1,3.29461,0,7.84828
0.6,0.7,0,3.41311,0,8.97338
0.6,0.7,0.1,3.38901,0,8.87088
0.6,0.7,0.2,3.36491,0,8.76838
0.6,0.7,0.3,3.34081,0,8.66588
0.6,0.7,0.4,3.31671,0,8.56338
0.6,0.7,0.5,3.29261,0,8.46088
0.6,0.7,0.6,3.26851,0,8.35838
0.6,0.7,0.7,3.24441,0,8.25588
0.6,0.7,0.8,3.22031,0,8.15338
0.6,0.7,0.9,3.19621,0,8.05088
0.6,0.7,1,3.17211,0,7.94838
0.6,0.8,0,3.29061,0,9.07348
0.6,0.8,0.1,3.26651,0,8.97098
0.6,0.8,0.2,3.24241,0,8.86848
0.6,0.8,0.3,3.21831,0,8.76598
0.6,0.8,0.4,3.19421,0,8.66348
0.6,0.8,0.5,3.17011,0,8.56098
0.6,0.8,0.6,3.14601,0,8.45848
0.6,0.8,0.7,3.12191,0,8.35598
0.6,0.8,0.8,3.09781,0,8.25348
0.6,0.8,0.9,3.07371,0,8.15098
0.6,0.8,1,3.04961,0,8.04848
0.6,0.9,0,3.16811,0,9.17358
0.6,0.9,0.1,3.14401,0,9.07108
0.6,0.9,0.2,3.11991,0,8.96858
0.6,0.9,0.3,3.09581,0,8.86608
0.6,0.9,0.4,3.07171,0,8.76358
0.6,0.9,0.5,3.04761,0,8.66108
0.6,0.9,0.6,3.02351,0,8.55858
0.6,0.9,0.7,2.99941,0,8.45608
0.6,0.9,0.8,2.97531,0,8.35358
0.6,0.9,0.9,2.95121,0,8.25108
0.6,0.9,1,2.92711,0,8.14858
0.6,1,0,3.04561,0,9.27368
0.6,1,0.1,3.02151,0,9.17118
0.6,1,0.2,2.99741,0,9.06868
0.6,1,0.3,2.97331,0,8.96618
0.6,1,0.4,2.94921,0,8.86368
0.6,1,0.5,2.92511,0,8.76118
0.6,1,0.6,2.90101,0,8.65868
0.6,1,0.7,2.87691,0,8.55618
0.6,1,0.8,2.85281,0,8.45368
0.6,1,0.9,2.82871,0,8.35118
0.6,1,1,2.80461,0,8.24868
0.7,0,0,5.05758,0,9.43413
0.7,0,0.1,5.03348,0,9.33163
0.7,0,0.2,5.00938,0,9.22913
0.7,0,0.3,4.98528,0,9.12663
0.7,0,0.4,4.96118,0,9.02413
0.7,0,0.5,4.93708,0,8.92163
0.7,0,0.6,4.91298,0,8.81913
0.7,0,0.7,4.88888,0,8.71663
0.7,0,0.8,4.86478,0,8.61413
0.7,0,0.9,4.84068,0,8.51163
0.7,0,1,4.81658,0,8.40913
0.7,0.1,0,4.93508,0,9.53423
0.7,0.1,0.1,4.91098,0,9.43173
0.7,0.1,0.2,4.88688,0,9.32923
0.7,0.1,0.3,4.86278,0,9.22673
0.7,0.1,0.4,4.83868,0,9.12423
0.7,0.1,0.5,4.81458,0,9.02173
0.7,0.1,0.6,4.79048,0,8.91923
0.7,0.1,0.7,4.76638,0,8.81673
0.7,0.1,0.8,4.74228,0,8.71423
0.7,0.1,0.9,4.71818,0,8.61173
0.7,0.1,1,4.69408,0,8.50923
0.7,0.2,0,4.81258,0,9.63433
0.7,0.2,0.1,4.78848,0,9.53183
0.7,0.2,0.2,4.76438,0,9.42933
0.7,0.2,0.3,4.74028,0,9.32683
0.7,0.2,0.4,4.71618,0,9.22433
0.7,0.2,0.5,4.69208,0,9.12183
0.7,0.2,0.6,4.66798,0,9.01933
0.7,0.2,0.7,4.64388,0,8.91683
0.7,0.2,0.8,4.61978,0,8.81433
0.7,0.2,0.9,4.59568,0,8.71183
0.7,0.2,1,4.57158,0,8.60933
0.7,0.3,0,4.69008,0,9.73443
0.7,0.3,0.1,4.66598,0,9.63193
0.7,0.3,0.2,4.64188,0,9.52943
0.7,0.3,0.3,4.61778,0,9.42693
0.7,0.3,0.4,4.59368,0,9.32443
0.7,0.3,0.5,4.56958,0,9.22193
0.7,0.3,0.6,4.54548,0,9.11943
0.7,0.3,0.7,4.52138,0,9.01693
0.7,0.3,0.8,4.49728,0,8.91443
0.7,0.3,0.9,4.47318,0,8.81193
0.7,0.3,1,4.44908,0,8.70943
0.7,0.4,0,4.56758,0,9.83453
0.7,0.4,0.1,4.54348,0,9.73203
0.7,0.4,0.2,4.51938,0,9.62953
0.7,0.4,0.3,4.49528,0,9.52703
0.7,0.4,0.4,4.47118,0,9.42453
0.7,0.4,0.5,4.44708,0,9.32203
0.7,0.4,0.6,4.42298,0,9.21953
0.7,0.4,0.7,4.39888,0,9.11703
0.7,0.4,0.8,4.37478,0,9.01453
0.7,0.4,0.9,4.35068,0,8.91203
0.7,0.4,1,4.32658,0,8.80953
0.7,0.5,0,4.44508,0,9.93463
0.7,0.5,0.1,4.42098,0,9.83213
0.7,0.5,0.2,4.39688,0,9.72963
0.7,0.5,0.3,4.37278,0,9.62713
0.7,0.5,0.4,4.34868,0,9.52463
0.7,0.5,0.5,4.32458,0,9.42213
0.7,0.5,0.6,4.30048,0,9.31963
0.7,0.5,0.7,4.27638,0,9.21713
0.7,0.5,0.8,4.25228,0,9.11463
0.7,0.5,0.9,4.22818,0,9.01213
0.7,0.5,1,4.20408,0,8.90963
0.7,0.6,0,4.32258,0,10.0347
0.7,0.6,0.1,4.29848,0,9.93223
0.7,0.6,0.2,4.27438,0,9.82973
0.7,0.6,0.3,4.25028,0,9.72723
0.7,0.6,0.4,4.22618,0,9.62473
0.7,0.6,0.5,4.20208,0,9.52223
0.7,0.6,0.6,4.17798,0,9.41973
0.7,0.6,0.7,4.15388,0,9.31723
0.7,0.6,0.8,4.12978,0,9.21473
0.7,0.6,0.9,4.10568,0,9.11223
0.7,0.6,1,4.08158,0,9.00973
0.7,0.7,0,4.20008,0,10.1348
0.7,0.7,0.1,4.17598,0,10.0323
0.7,0.7,0.2,4.15188,0,9.92983
0.7,0.7,0.3,4.12778,0,9.82733
0.7,0.7,0.4,4.10368,0,9.72483
0.7,0.7,0.5,4.07958,0,9.62233
0.7,0.7,0.6,4.05548,0,9.51983
0.7,0.7,0.7,4.03138,0,9.41733
0.7,0.7,0.8,4.00728,0,9.31483
0.7,0.7,0.9,3.98318,0,9.21233
0.7,0.7,1,3.95908,0,9.10983
0.7,0.8,0,4.07758,0,10.2349
0.7,0.8,0.1,4.05348,0,10.1324
0.7,0.8,0.2,4.02938,0,10.0299
0.7,0.8,0.3,4.00528,0,9.92743
0.7,0.8,0.4,3.98118,0,9.82493
0.7,0.8,0.5,3.95708,0,9.72243
0.7,0.8,0.6,3.93298,0,9.61993
0.7,0.8,0.7,3.90888,0,9.51743
0.7,0.8,0.8,3.88478,0,9.41493
0.7,0.8,0.9,3.86068,0,9.31243
0.7,0.8,1,3.83658,0,9.20993
0.7,0.9,0,3.95508,0,10.335
0.7,0.9,0.1,3.93098,0,10.2325
0.7,0.9,0.2,3.90688,0,10.13
0.7,0.9,0.3,3.88278,0,10.0275
0.7,0.9,0.4,3.85868,0,9.92503
0.7,0.9,0.5,3.83458,0,9.82253
0.7,0.9,0.6,3.81048,0,9.72003
0.7,0.9,0.7,3.78638,0,9.61753
0.7,0.9,0.8,3.76228,0,9.51503
0.7,0.9,0.9,3.73818,0,9.41253
0.7,0.9,1,3.71408,0,9.31003
0.7,1,0,3.83258,0,10.4351
0.7,1,0.1,3.80848,0,10.3326
0.7,1,0.2,3.78438,0,10.2301
0.7,1,0.3,3.76028,0,10.1276
0.7,1,0.4,3.73618,0,10.0251
0.7,1,0.5,3.71208,0,9.92263
0.7,1,0.6,3.68798,0,9.82013
0.7,1,0.7,3.66388,0,9.71763
0.7,1,0.8,3.63978,0,9.61513
0.7,1,0.9,3.61568,0,9.51263
0.7,1,1,3.59158,0,9.41013
0.8,0,0,5.84455,0,10.5956
0.8,0,0.1,5.82045,0,10.4931
0.8,0,0.2,5.79635,0,10.3906
0.8,0,0.3,5.77225,0,10.2881
0.8,0,0.4,5.74815,0,10.1856
0.8,0,0.5,5.72405,0,10.0831
0.8,0,0.6,5.69995,0,9.98057
0.8,0,0.7,5.67585,0,9.87807
0.8,0,0.8,5.65175,0,9.77557
0.8,0,0.9,5.62765,0,9.67307
0.8,0,1,5.60355,0,9.57057
0.8,0.1,0,5.72205,0,10.6957
0.8,0.1,0.1,5.69795,0,10.5932
0.8,0.1,0.2,5.67385,0,10.4907
0.8,0.1,0.3,5.64975,0,10.3882
0.8,0.1,0.4,5.62565,0,10.2857
0.8,0.1,0.5,5.60155,0,10.1832
0.8,0.1,0.6,5.57745,0,10.0807
0.8,0.1,0.7,5.55335,0,9.97817
0.8,0.1,0.8,5.52925,0,9.87567
0.8,0.1,0.9,5.50515,0,9.77317
0.8,0.1,1,5.48105,0,9.67067
0.8,0.2,0,5.59955,0,10.7958
0.8,0.2,0.1,5.57545,0,10.6933
0.8,0.2,0.2,5.55135,0,10.5908
0.8,0.2,0.3,5.52725,0,10.4883
0.8,0.2,0.4,5.50315,0,10.3858
0.8,0.2,0.5,5.47905,0,10.2833
0.8,0.2,0.6,5.45495,0,10.1808
0.8,0.2,0.7,5.43085,0,10.0783
0.8,0.2,0.8,5.40675,0,9.97577
0.8,0.2,0.9,5.38265,0,9.87327
0.8,0.2,1,5.35855,0,9.77077
0.8,0.3,0,5.47705,0,10.8959
0.8,0.3,0.1,5.45295,0,10.7934
0.8,0.3,0.2,5.42885,0,10.6909
0.8,0.3,0.3,5.40475,0,10.5884
0.8,0.3,0.4,5.38065,0,10.4859
0.8,0.3,0.5,5.35655,0,10.3834
0.8,0.3,0.6,5.33245,0,10.2809
0.8,0.3,0.7,5.30835,0,10.1784
0.8,0.3,0.8,5.28425,0,10.0759
0.8,0.3,0.9,5.26015,0,9.97337
0.8,0.3,1,5.23605,0,9.87087
0.8,0.4,0,5.35455,0,10.996
0.8,0.4,0.1,5.33045,0,10.8935
0.8,0.4,0.2,5.30635,0,10.791
0.8,0.4,0.3,5.28225,0,10.6885
0.8,0.4,0.4,5.25815,0,10.586
0.8,0.4,0.5,5.23405,0,10.4835
0.8,0.4,0.6,5.20995,0,10.381
0.8,0.4,0.7,5.18585,0,10.2785
0.8,0.4,0.8,5.16175,0,10.176
0.8,0.4,0.9,5.13765,0,10.0735
0.8,0.4,1,5.11355,0,9.97097
0.8,0.5,0,5.23205,0,11.0961
0.8,0.5,0.1,5.20795,0,10.9936
0.8,0.5,0.2,5.18385,0,10.8911
0.8,0.5,0.3,5.15975,0,10.7886
0.8,0.5,0.4,5.13565,0,10.6861
0.8,0.5,0.5,5.11155,0,10.5836
0.8,0.5,0.6,5.08745,0,10.4811
0.8,0.5,0.7,5.06335,0,10.3786
0.8,0.5,0.8,5.03925,0,10.2761
0.8,0.5,0.9,5.01515,0,10.1736
0.8,0.5,1,4.99105,0,10.0711
0.8,0.6,0,5.10955,0,11.1962
0.8,0.6,0.1,5.08545,0,11.0937
0.8,0.6,0.2,5.06135,0,10.9912
0.8,0.6,0.3,5.03725,0,10.8887
0.8,0.6,0.4,5.01315,0,10.7862
0.8,0.6,0.5,4.98905,0,10.6837
0.8,0.6,0.6,4.96495,0,10.5812
0.8,0.6,0.7,4.94085,0,10.4787
0.8,0.6,0.8,4.91675,0,10.3762
0.8,0.6,0.9,4.89265,0,10.2737
0.8,0.6,1,4.86855,0,10.1712
0.8,0.7,0,4.98705,0,11.2963
0.8,0.7,0.1,4.96295,0,11.1938
0.8,0.7,0.2,4.93885,0,11.0913
0.8,0.7,0.3,4.91475,0,10.9888
0.8,0.7,0.4,4.89065,0,10.8863
0.8,0.7,0.5,4.86655,0,10.7838
0.8,0.7,0.6,4.84245,0,10.6813
0.8,0.7,0.7,4.81835,0,10.5788
0.8,0.7,0.8,4.79425,0,10.4763
0.8,0.7,0.9,4.77015,0,10.3738
0.8,0.7,1,4.74605,0,10.2713
0.8,0.8,0,4.86455,0,11.3964
0.8,0.8,0.1,4.84045,0,11.2939
0.8,0.8,0.2,4.81635,0,11.1914
0.8,0.8,0.3,4.79225,0,11.0889
0.8,0.8,0.4,4.76815,0,10.9864
0.8,0.8,0.5,4.74405,0,10.8839
0.8,0.8,0.6,4.71995,0,10.7814
0.8,0.8,0.7,4.69585,0,10.6789
0.8,0.8,0.8,4.67175,0,10.5764
0.8,0.8,0.9,4.64765,0,10.4739
0.8,0.8,1,4.62355,0,10.3714
0.8,0.9,0,4.74205,0,11.4965
0.8,0.9,0.1,4.71795,0,11.394
0.8,0.9,0.2,4.69385,0,11.2915
0.8,0.9,0.3,4.66975,0,11.189
0.8,0.9,0.4,4.64565,0,11.0865
0.8,0.9,0.5,4.62155,0,10.984
0.8,0.9,0.6,4.59745,0,10.8815
0.8,0.9,0.7,4.57335,0,10.779
0.8,0.9,0.8,4.54925,0,10.6765
0.8,0.9,0.9,4.52515,0,10.574
0.8,0.9,1,4.50105,0,10.4715
0.8,1,0,4.61955,0,11.5966
0.8,1,0.1,4.59545,0,11.4941
0.8,1,0.2,4.57135,0,11.3916
0.8,1,0.3,4.54725,0,11.2891
0.8,1,0.4,4.52315,0,11.1866
0.8,1,0.5,4.49905,0,11.0841
0.8,1,0.6,4.47495,0,10.9816
0.8,1,0.7,4.45085,0,10.8791
0.8,1,0.8,4.42675,0,10.7766
0.8,1,0.9,4.40265,0,10.6741
0.8,1,1,4.37855,0,10.5716
0.9,0,0,6.63152,0,11.757
0.9,0,0.1,6.60742,0,11.6545
0.9,0,0.2,6.58332,0,11.552
0.9,0,0.3,6.55922,0,11.4495
0.9,0,0.4,6.53512,0,11.347
0.9,0,0.5,6.51102,0,11.2445
0.9,0,0.6,6.48692,0,11.142
0.9,0,0.7,6.46282,0,11.0395
0.9,0,0.8,6.43872,0,10.937
0.9,0,0.9,6.41462,0,10.8345
0.9,0,1,6.39052,0,10.732
0.9,0.1,0,6.50902,0,11.8571
0.9,0.1,0.1,6.48492,0,11.7546
0.9,0.1,0.2,6.46082,0,11.6521
0.9,0.1,0.3,6.43672,0,11.5496
0.9,0.1,0.4,6.41262,0,11.4471
0.9,0.1,0.5,6.38852,0,11.3446
0.9,0.1,0.6,6.36442,0,11.2421
0.9,0.1,0.7,6.34032,0,11.1396
0.9,0.1,0.8,6.31622,0,11.0371
0.9,0.1,0.9,6.29212,0,10.9346
0.9,0.1,1,6.26802,0,10.8321
0.9,0.2,0,6.38652,0,11.9572
0.9,0.2,0.1,6.36242,0,11.8547
0.9,0.2,0.2,6.33832,0,11.7522
0.9,0.2,0.3,6.31422,0,11.6497
0.9,0.2,0.4,6.29012,0,11.5472
0.9,0.2,0.5,6.26602,0,11.4447
0.9,0.2,0.6,6.24192,0,11.3422
0.9,0.2,0.7,6.21782,0,11.2397
0.9,0.2,0.8,6.19372,0,11.1372
0.9,0.2,0.9,6.16962,0,11.0347
0.9,0.2,1,6.14552,0,10.9322
0.9,0.3,0,6.26402,0,12.0573
0.9,0.3,0.1,6.23992,0,11.9548
0.9,0.3,0.2,6.21582,0,11.8523
0.9,0.3,0.3,6.19172,0,11.7498
0.9,0.3,0.4,6.16762,0,11.6473
0.9,0.3,0.5,6.14352,0,11.5448
0.9,0.3,0.6,6.11942,0,11.4423
0.9,0.3,0.7,6.09532,0,11.3398
0.9,0.3,0.8,6.07122,0,11.2373
0.9,0.3,0.9,6.04712,0,11.1348
0.9,0.3,1,6.02302,0,11.0323
0.9,0.4,0,6.14152,0,12.1574
0.9,0.4,0.1,6.11742,0,12.0549
0.9,0.4,0.2,6.09332,0,11.9524
0.9,0.4,0.3,6.06922,0,11.8499
0.9,0.4,0.4,6.04512,0,11.7474
0.9,0.4,0.5,6.02102,0,11.6449
0.9,0.4,0.6,5.99692,0,11.5424
0.9,0.4,0.7,5.97282,0,11.4399
0.9,0.4,0.8,5.94872,0,11.3374
0.9,0.4,0.9,5.92462,0,11.2349
0.9,0.4,1,5.90052,0,11.1324
0.9,0.5,0,6.01902,0,12.2575
0.9,0.5,0.1,5.99492,0,12.155
0.9,0.5,0.2,5.97082,0,12.0525
0.9,0.5,0.3,5.94672,0,11.95
0.9,0.5,0.4,5.92262,0,11.8475
0.9,0.5,0.5,5.89852,0,11.745
0.9,0.5,0.6,5.87442,0,11.6425
0.9,0.5,0.7,5.85032,0,11.54
0.9,0.5,0.8,5.82622,0,11.4375
0.9,0.5,0.9,5.80212,0,11.335
0.9,0.5,1,5.77802,0,11.2325
0.9,0.6,0,5.89652,0,12.3576
0.9,0.6,0.1,5.87242,0,12.2551
0.9,0.6,0.2,5.84832,0,12.1526
0.9,0.6,0.3,5.82422,0,12.0501
0.9,0.6,0.4,5.80012,0,11.9476
0.9,0.6,0.5,5.77602,0,11.8451
0.9,0.6,0.6,5.75192,0,11.7426
0.9,0.6,0.7,5.72782,0,11.6401
0.9,0.6,0.8,5.70372,0,11.5376
0.9,0.6,0.9,5.67962,0,11.4351
0.9,0.6,1,5.65552,0,11.3326
0.9,0.7,0,5.77402,0,12.4577
0.9,0.7,0.1,5.74992,0,12.3552
0.9,0.7,0.2,5.72582,0,12.2527
0.9,0.7,0.3,5.70172,0,12.1502
0.9,0.7,0.4,5.67762,0,12.0477
0.9,0.7,0.5,5.65352,0,11.9452
0.9,0.7,0.6,5.62942,0,11.8427
0.9,0.7,0.7,5.60532,0,11.7402
0.9,0.7,0.8,5.58122,0,11.6377
0.9,0.7,0.9,5.55712,0,11.5352
0.9,0.7,1,5.53302,0,11.4327
0.9,0.8,0,5.65152,0,12.5578
0.9,0.8,0.1,5.62742,0,12.4553
0.9,0.8,0.2,5.60332,0,12.3528
0.9,0.8,0.3,5.57922,0,12.2503
0.9,0.8,0.4,5.55512,0,12.1478
0.9,0.8,0.5,5.53102,0,12.0453
0.9,0.8,0.6,5.50692,0,11.9428
0.9,0.8,0.7,5.48282,0,11.8403
0.9,0.8,0.8,5.45872,0,11.7378
0.9,0.8,0.9,5.43462,0,11.6353
0.9,0.8,1,5.41052,0,11.5328
0.9,0.9,0,5.52902,0,12.6579
0.9,0.9,0.1,5.50492,0,12.5554
0.9,0.9,0.2,5.48082,0,12.4529
0.9,0.9,0.3,5.45672,0,12.3504
0.9,0.9,0.4,5.43262,0,12.2479
0.9,0.9,0.5,5.40852,0,12.1454
0.9,0.9,0.6,5.38442,0,12.0429
0.9,0.9,0.7,5.36032,0,11.9404
0.9,0.9,0.8,5.33622,0,11.8379
0.9,0.9,0.9,5.31212,0,11.7354
0.9,0.9,1,5.28802,0,11.6329
0.9,1,0,5.40652,0,12.758
0.9,1,0.1,5.38242,0,12.6555
0.9,1,0.2,5.35832,0,12.553
0.9,1,0.3,5.33422,0,12.4505
0.9,1,0.4,5.31012,0,12.348
0.9,1,0.5,5.28602,0,12.2455
0.9,1,0.6,5.26192,0,12.143
0.9,1,0.7,5.23782,0,12.0405
0.9,1,0.8,5.21372,0,11.938
0.9,1,0.9,5.18962,0,11.8355
0.9,1,1,5.16552,0,11.733
1,0,0,7.41849,0,12.9185
1,0,0.1,7.39439,0,12.816
1,0,0.2,7.37029,0,12.7135
1,0,0.3,7.34619,0,12.611
1,0,0.4,7.32209,0,12.5085
1,0,0.5,7.29799,0,12.406
1,0,0.6,7.27389,0,12.3035
1,0,0.7,7.24979,0,12.201
1,0,0.8,7.22569,0,12.0985
1,0,0.9,7.20159,0,11.996
1,0,1,7.17749,0,11.8935
1,0.1,0,7.29599,0,13.0186
1,0.1,0.1,7.27189,0,12.9161
1,0.1,0.2,7.24779,0,12.8136
1,0.1,0.3,7.22369,0,12.7111
1,0.1,0.4,7.19959,0,12.6086
1,0.1,0.5,7.17549,0,12.5061
1,0.1,0.6,7.15139,0,12.4036
1,0.1,0.7,7.12729,0,12.3011
1,0.1,0.8,7.10319,0,12.1986
1,0.1,0.9,7.07909,0,12.0961
1,0.1,1,7.05499,0,11.9936
1,0.2,0,7.17349,0,13.1187
1,0.2,0.1,7.14939,0,13.0162
1,0.2,0.2,7.12529,0,12.9137
1,0.2,0.3,7.10119,0,12.8112
1,0.2,0.4,7.07709,0,12.7087
1,0.2,0.5,7.05299,0,12.6062
1,0.2,0.6,7.02889,0,12.5037
1,0.2,0.7,7.00479,0,12.4012
1,0.2,0.8,6.98069,0,12.2987
1,0.2,0.9,6.95659,0,12.1962
1,0.2,1,6.93249,0,12.0937
1,0.3,0,7.05099,0,13.2188
1,0.3,0.1,7.02689,0,13.1163
1,0.3,0.2,7.00279,0,13.0138
1,0.3,0.3,6.97869,0,12.9113
1,0.3,0.4,6.95459,0,12.8088
1,0.3,0.5,6.93049,0,12.7063
1,0.3,0.6,6.90639,0,12.6038
1,0.3,0.7,6.88229,0,12.5013
1,0.3,0.8,6.85819,0,12.3988
1,0.3,0.9,6.83409,0,12.2963
1,0.3,1,6.80999,0,12.1938
1,0.4,0,6.92849,0,13.3189
1,0.4,0.1,6.90439,0,13.2164
1,0.4,0.2,6.88029,0,13.1139
1,0.4,0.3,6.85619,0,13.0114
1,0.4,0.4,6.83209,0,12.9089
1,0.4,0.5,6.80799,0,12.8064
1,0.4,0.6,6.78389,0,12.7039
1,0.4,0.7,6.75979,0,12.6014
1,0.4,0.8,6.73569,0,12.4989
1,0.4,0.9,6.71159,0,12.3964
1,0.4,1,6.68749,0,12.2939
1,0.5,0,6.80599,0,13.419
1,0.5,0.1,6.78189,0,13.3165
1,0.5,0.2,6.75779,0,13.214
1,0.5,0.3,6.73369,0,13.1115
1,0.5,0.4,6.70959,0,13.009
1,0.5,0.5,6.68549,0,12.9065
1,0.5,0.6,6.66139,0,12.804
1,0.5,0.7,6.63729,0,12.7015
1,0.5,0.8,6.61319,0,12.599
1,0.5,0.9,6.58909,0,12.4965
1,0.5,1,6.56499,0,12.394
1,0.6,0,6.68349,0,13.5191
1,0.6,0.1,6.65939,0,13.4166
1,0.6,0.2,6.63529,0,13.3141
1,0.6,0.3,6.61119,0,13.2116
1,0.6,0.4,6.58709,0,13.1091
1,0.6,0.5,6.56299,0,13.0066
1,0.6,0.6,6.53889,0,12.9041
1,0.6,0.7,6.51479,0,12.8016
1,0.6,0.8,6.49069,0,12.6991
1,0.6,0.9,6.46659,0,12.5966
1,0.6,1,6.44249,0,12.4941
1,0.7,0,6.56099,0,13.6192
1,0.7,0.1,6.53689,0,13.5167
1,0.7,0.2,6.51279,0,13.4142
1,0.7,0.3,6.48869,0,13.3117
1,0.7,0.4,6.46459,0,13.2092
1,0.7,0.5,6.44049,0,13.1067
1,0.7,0.6,6.41639,0,13.0042
1,0.7,0.7,6.39229,0,12.9017
1,0.7,0.8,6.36819,0,12.7992
1,0.7,0.9,6.34409,0,12.6967
1,0.7,1,6.31999,0,12.5942
1,0.8,0,6.43849,0,13.7193
1,0.8,0.1,6.41439,0,13.6168
1,0.8,0.2,6.39029,0,13.5143
1,0.8,0.3,6.36619,0,13.4118
1,0.8,0.4,6.34209,0,13.3093
1,0.8,0.5,6.31799,0,13.2068
1,0.8,0.6,6.29389,0,13.1043
1,0.8,0.7,6.26979,0,13.0018
1,0.8,0.8,6.24569,0,12.8993
1,0.8,0.9,6.22159,0,12.7968
1,0.8,1,6.19749,0,12.6943
1,0.9,0,6.31599,0,13.8194
1,0.9,0.1,6.29189,0,13.7169
1,0.9,0.2,6.26779,0,13.6144
1,0.9,0.3,6.24369,0,13.5119
1,0.9,0.4,6.21959,0,13.4094
1,0.9,0.5,6.19549,0,13.3069
1,0.9,0.6,6.17139,0,13.2044
1,0.9,0.7,6.14729,0,13.1019
1,0.9,0.8,6.12319,0,12.9994
1,0.9,0.9,6.09909,0,12.8969
1,0.9,1,6.07499,0,12.7944
1,1,0,6.19349,0,13.9195
1,1,0.1,6.16939,0,13.817
1,1,0.2,6.14529,0,13.7145
1,1,0.3,6.12119,0,13.612
1,1,0.4,6.09709,0,13.5095
1,1,0.5,6.07299,0,13.407
1,1,0.6,6.04889,0,13.3045
1,1,0.7,6.02479,0,13.202
1,1,0.8,6.00069,0,13.0995
1,1,0.9,5.97659,0,12.997
1,1,1,5.95249,0,12.8945
